,0,1,2,3,4,5,6,7,8,9,10,11,12,13,14,15,16,17,18,19,20,21,22,23,24,25,26,27,28,29,30,31,32,33,34,35,36,37,38,39,40,41,42,43,44,45,46,47,48,49,50,51,52,53,54,roll,pitch,yaw,x,y,z
9,1,3.42,321.864,0.929936,1166.25,382.55,0.829052,1191.66,378.58,0.629501,0.0,0.0,0.0,0.0,0.0,0.0,1144.63,386.454,0.788771,1136.89,468.705,0.76783,1070.15,476.523,0.91615,1174.02,552.947,0.583064,1152.46,652.924,0.799265,1203.46,715.663,0.111530999999999,1132.84,553.002,0.592814,1117.23,666.605,0.726932,0.0,0.0,0.0,0.0,0.0,0.0,1107.48,310.088,0.846522999999999,0.0,0.0,0.0,1144.61,319.828,0.876058,-0.1937650921322069,0.2519232537785285,0.5603643978145728,0.2700421832645342,0.8236843062201438,1.7666501993503883
10,1,980.176,335.55,0.924902,1044.77,382.595,0.779017,1066.23,380.574,0.634936,1042.71,456.991,0.0640669,0.0,0.0,0.0,1029.01,386.413,0.810330999999999,1019.23,464.794,0.784698,946.822,451.08,0.870962,1027.09,543.188,0.449988,989.87,641.157,0.698917999999999,960.508,715.638,0.384258,1027.16,543.191,0.629518,1050.57,656.804,0.734556,0.0,0.0,0.0,0.0,0.0,0.0,991.775,323.744,0.9149700000000001,0.0,0.0,0.0,1023.2,323.77,0.881521,-0.1937650921322069,0.2519232537785285,0.5603643978145728,0.2700421832645342,0.8236843062201438,1.7666501993503883
11,1,868.428,323.74,0.949591,931.047,368.801,0.844561999999999,950.718,366.799,0.686919,915.424,431.504,0.0771727,0.0,0.0,0.0,909.499,370.775,0.806095,897.792,447.131,0.797597,838.973,433.449,0.849734999999999,938.941,521.587,0.619679,938.924,619.573,0.755637,956.54,715.636,0.412765,899.677,521.632,0.648200999999999,854.663,603.923,0.865478,854.754,697.955,0.572024,0.0,0.0,0.0,872.333,315.931,0.893671999999999,0.0,0.0,0.0,901.733,317.884,0.923858,-0.04895862944197895,0.2599049676374033,0.5675898306894845,0.4325899083195895,-0.06611205316545138,1.7515065690002178
12,1,715.636,321.751,0.837194999999999,774.347,357.049,0.8571300000000001,805.647,353.216,0.837403999999999,811.573,415.854,0.715129,770.448,419.751,0.0522346,743.073,360.985,0.831464,729.338,431.5,0.899443999999999,690.079,415.944,0.829998999999999,792.043,492.212,0.70054,760.641,586.272,0.636203,756.732,666.632,0.169297,756.706,494.191,0.699095,746.971,586.283,0.665049,744.939,670.546,0.206859,0.0,0.0,0.0,719.52,311.982,0.818095999999999,0.0,0.0,0.0,742.972,308.081,0.908411,-0.04895862944197895,0.2599049676374033,0.5675898306894845,0.4325899083195895,-0.06611205316545138,1.7515065690002178
13,1,617.585,317.832,0.651918,664.655,351.174,0.952337999999999,693.978,349.248,0.850723,697.998,402.165,0.710577,0.0,0.0,0.0,635.314,351.192,0.887832,629.337,413.874,0.813894999999999,590.253,400.209,0.823189,676.416,474.62,0.712841,666.653,554.998,0.818315,666.547,627.397,0.384544999999999,635.217,474.634,0.710615999999999,605.862,545.18,0.786756,594.09,619.608,0.267872,0.0,0.0,0.0,617.625,306.104,0.776034,0.0,0.0,0.0,633.273,304.247,0.94991,-0.08193668435265532,0.2396552906467035,0.5906300564425666,0.530148255314358,-0.9641645758379985,1.7612907452530295
14,1,509.911,310.083,0.330829,554.954,347.256,0.894111999999999,586.289,347.227,0.871408,596.052,396.254,0.780999,570.636,384.595,0.050908499999999,523.646,349.163,0.838476,509.852,404.129,0.822670999999999,492.25,400.213,0.697979,570.574,453.029,0.770864,552.946,525.575,0.848545999999999,551.003,588.293,0.363452999999999,531.401,455.017,0.678464,525.647,527.506,0.846725,541.222,590.175,0.418692,0.0,0.0,0.0,509.971,304.149,0.459902,558.814,304.085,0.113047,527.485,304.092,0.8533600000000001,-0.08646499013874888,0.2639363425624567,0.7709138958875357,0.6376173558247337,-1.8553289023108872,1.7516824686398254
15,1,447.211,312.007,0.421852,490.321,337.574,0.908941999999999,511.866,337.441,0.892907999999999,519.648,388.403,0.422662999999999,0.0,0.0,0.0,462.897,339.455,0.846398,458.867,396.239,0.810655999999999,431.478,396.207,0.782285,502.017,445.158,0.753725,492.143,509.806,0.847325999999999,492.185,570.537,0.65722,466.74,445.169,0.714523,449.131,507.856,0.803345,451.139,566.652,0.423128,0.0,0.0,0.0,447.231,304.234,0.540631,492.272,302.216,0.0914744,462.771,304.171,0.892505,-0.08646499013874888,0.2639363425624567,0.7709138958875357,0.6376173558247337,-1.8553289023108872,1.7516824686398254
16,1,382.42,310.048,0.503271999999999,417.844,339.452,0.855413,447.12,337.446,0.9420949999999991,458.892,384.447,0.763342,439.312,400.189,0.0688688,394.293,347.29,0.840272999999999,384.423,392.336,0.991862999999999,360.985,386.475,0.644783,437.381,441.301,0.759106,427.537,507.922,0.704518,411.904,572.596,0.47377,398.187,441.267,0.816716999999999,398.225,509.808,0.77063,402.124,576.496,0.67127,0.0,0.0,0.0,382.426,304.214,0.577166,419.772,298.293,0.0642413,392.303,304.163,0.763786,0.07411721494495281,0.16785206974906303,0.8958192037780472,0.7402221642189196,-2.4849713027904397,1.7361118641296116
17,1,351.092,311.999,0.680132,388.375,335.548,0.869378,404.068,333.588,0.771323,398.203,382.593,0.0945567,0.0,0.0,0.0,370.83,337.477,0.856426999999999,366.837,388.414,0.719349,337.534,398.131,0.611821,400.095,433.479,0.706282,388.455,505.942,0.626011,396.24,570.617,0.522121,378.602,435.453,0.691825999999999,368.9,505.965,0.67861,390.335,572.606,0.482114,0.0,0.0,0.0,351.149,306.057,0.803519,0.0,0.0,0.0,364.923,304.237,0.896917,0.07411721494495281,0.16785206974906303,0.8958192037780472,0.7402221642189196,-2.4849713027904397,1.7361118641296116
18,1,321.919,308.154,0.834897,360.974,335.513,0.824778999999999,351.166,335.545,0.805624,337.441,380.53,0.7573000000000001,306.134,390.338,0.738784999999999,368.924,335.415,0.883026,382.489,382.445,0.868145,339.458,402.084,0.918497999999999,351.25,429.598,0.697832,343.332,492.227,0.299826,0.0,0.0,0.0,368.755,431.532,0.778308999999999,359.008,496.213,0.45641000000000004,353.141,564.735,0.126894,323.732,304.225,0.0693862,325.764,304.19,0.848244,0.0,0.0,0.0,345.276,302.238,0.81635,0.17614176752817304,0.031151562736375833,1.659181646985793,0.9464044472683333,-2.7966182446227528,1.7320363294294427
19,1,88.492,317.915,0.925257,319.724,337.444,0.935021999999999,288.496,337.53,0.883397,257.188,368.872,0.867579,225.728,398.211,0.839882999999999,347.217,335.563,0.862931,366.881,374.667,0.885477,335.584,398.162,0.9346279999999991,304.218,431.446,0.751904,302.224,494.167,0.280757,292.416,556.871,0.0761136,341.391,431.456,0.805025999999999,351.153,494.193,0.503752,349.19,560.817,0.12337000000000001,288.42,310.047,0.26455,290.493,308.074,0.941174,0.0,0.0,0.0,310.093,304.225,0.8577300000000001,0.17614176752817304,0.031151562736375833,1.659181646985793,0.9464044472683333,-2.7966182446227528,1.7320363294294427
20,0,61.09,319.904,0.898179,286.54,337.422,0.927981,257.087,337.546,0.89241,229.704,370.769,0.819336,208.141,398.194,0.832666999999999,315.949,335.541,0.866440999999999,337.525,368.888,0.834513,319.779,390.345,0.872999,272.759,427.619,0.795007999999999,272.747,490.293,0.517035999999999,280.667,554.972,0.190003,310.031,427.594,0.803121,313.941,490.264,0.513706,308.105,552.958,0.122628999999999,259.041,313.952,0.741814,268.927,313.951,0.827480999999999,0.0,0.0,0.0,288.434,306.068,0.915084,0.32632236959974126,-0.03738759894401255,2.0580041435286365,1.1746085412112632,-2.940463407483461,1.7044913722593336
21,0,47.357,319.911,0.8690700000000001,280.632,335.485,0.872829,255.163,337.455,0.827244,239.513,370.859,0.725210999999999,202.305,398.223,0.724912999999999,308.061,331.607,0.821193,331.621,368.877,0.790171,306.17,388.429,0.806873,268.932,425.639,0.726912,274.75,488.299,0.478595,284.529,552.984,0.181107,306.178,423.691,0.76602,317.873,478.574,0.456047,317.908,537.321,0.121082,243.525,311.967,0.228432,253.207,313.924,0.810396999999999,0.0,0.0,0.0,272.783,306.024,0.935380999999999,0.8719029749502832,0.09341905643769151,1.959676801248831,1.1671186178657753,-2.9643344053130907,1.7081599525849553
22,0,53.213,319.793,0.885836,274.863,335.503,0.934383,243.483,337.432,0.916366999999999,227.795,382.511,0.772745,198.404,413.77,0.726256999999999,308.06,331.598,0.84584,329.637,368.896,0.812198,306.05,390.387,0.822083999999999,263.051,429.555,0.713163,272.776,492.247,0.435364,284.524,556.868,0.187412,304.237,429.487,0.754892,312.021,490.278,0.386646999999999,312.012,549.045,0.112428,245.428,310.046,0.665365,257.184,308.137,0.886730999999999,0.0,0.0,0.0,274.851,304.165,0.975765,0.8719029749502832,0.09341905643769151,1.959676801248831,1.1671186178657753,-2.9643344053130907,1.7081599525849553
23,0,68.914,313.953,0.752722,282.604,335.529,0.8795229999999991,249.314,337.43,0.868371999999999,233.676,380.521,0.754066999999999,229.745,386.517,0.748325999999999,313.993,335.404,0.834649,335.571,370.777,0.784293,315.948,384.437,0.880319,268.861,429.591,0.731148999999999,272.828,494.156,0.286344,284.55,556.944,0.111372,306.218,429.507,0.747583,315.905,492.238,0.293776,306.102,554.948,0.06854829999999901,261.128,306.168,0.836351,274.701,306.117,0.845241999999999,259.115,302.221,0.128015,288.578,304.153,0.92671,0.19050500376510981,-0.06649923842413263,2.649095323351146,1.0600934680188583,-2.9214338907596242,1.7322181479417273
24,0,78.712,317.798,0.826685,288.528,335.568,0.932785,257.125,337.388,0.898133,245.376,382.568,0.872173,257.188,408.019,0.747567,319.9,335.526,0.891474999999999,335.551,376.671,0.785235999999999,310.047,386.472,0.7892979999999991,270.841,429.533,0.766655,270.84,492.281,0.407113,284.539,558.875,0.275953,308.145,429.503,0.722982,310.078,492.246,0.333707,306.135,554.964,0.126578,274.715,306.238,0.930713999999999,288.424,306.154,0.888261,268.891,306.117,0.348074999999999,302.15,304.176,0.890488,0.19050500376510981,-0.06649923842413263,2.649095323351146,1.0600934680188583,-2.9214338907596242,1.7322181479417273
25,0,98.312,306.233,0.880757,290.565,335.453,0.904042,261.08,335.473,0.903511,245.372,372.752,0.8476400000000001,257.053,388.407,0.878517999999999,321.852,333.544,0.870992,345.333,366.921,0.875020999999999,321.845,384.47,0.910377999999999,274.797,423.691,0.773384,276.773,490.218,0.587847,282.594,554.954,0.372764,315.937,423.676,0.745622,317.899,490.224,0.54581,315.941,552.983,0.304670999999999,290.478,304.119,0.949612,304.188,304.138,0.969112,276.737,304.136,0.95435,308.144,304.191,0.369894,-0.19513808496225493,0.11832573878942787,1.4984954715433518,0.8128034681963172,-2.934486308761451,1.7647641257182285
26,0,351.264,304.14,0.990127,337.49,335.555,0.959229,306.172,335.453,0.92032,290.425,370.855,0.874516,317.84,386.443,0.794796,368.761,337.472,0.929396,382.449,374.729,0.776867,368.804,384.454,0.888571999999999,321.83,427.549,0.775660999999999,321.847,490.311,0.662917,310.076,551.028,0.267117,364.876,425.652,0.7461500000000001,362.904,490.295,0.562597999999999,353.232,554.942,0.290989,347.23,296.304,0.857,355.131,298.286,0.862402999999999,331.562,298.288,0.8477500000000001,353.193,302.197,0.0933449,-0.19513808496225493,0.11832573878942787,1.4984954715433518,0.8128034681963172,-2.934486308761451,1.7647641257182285
27,1,394.279,304.157,0.8959100000000001,364.858,333.472,0.853961,343.356,327.684,0.784075,333.561,368.885,0.898419,380.513,384.456,0.861771,382.505,335.419,0.854575,380.599,374.71,0.581091999999999,398.14,386.468,0.629591999999999,353.146,415.85,0.835901,366.769,476.559,0.74282,362.956,531.441,0.216485999999999,380.563,413.918,0.811802999999999,382.479,474.628,0.554810999999999,382.577,523.595,0.132748,388.394,296.323,0.846209,0.0,0.0,0.0,370.826,296.293,0.868367999999999,0.0,0.0,0.0,-0.29753292746983023,0.21532311779745908,-2.330081064592441,0.5329943048864418,-2.891598564537102,1.7710943576657356
28,1,419.748,304.18,0.423664,386.454,333.558,0.719777,388.4,335.522,0.853772,388.449,382.521,0.825342999999999,427.529,392.293,0.835932999999999,384.455,331.592,0.584847999999999,398.161,380.576,0.138533,427.599,388.388,0.18258000000000002,394.299,431.444,0.760541999999999,400.207,494.244,0.742344999999999,406.033,566.686,0.480172999999999,388.379,429.512,0.611325,388.409,492.247,0.541986,388.399,556.872,0.19455000000000003,419.785,296.324,0.474767,0.0,0.0,0.0,413.787,294.394,0.905284,0.0,0.0,0.0,-0.17944087266625378,0.005302414372586258,-2.0777621664610324,0.45400120629412943,-2.469864694639259,1.772400137716299
29,1,445.207,306.082,0.969308,411.916,335.588,0.736232999999999,404.095,337.423,0.865003,406.083,384.552,0.871997999999999,451.128,396.282,0.907818999999999,419.755,335.545,0.624643,429.468,382.49,0.28019499999999903,447.246,388.46,0.23208,411.944,431.437,0.767231999999999,415.914,494.134,0.668686999999999,409.964,554.957,0.175348,417.817,429.556,0.667551999999999,415.816,490.309,0.507166999999999,398.206,543.192,0.0839169,443.186,300.223,0.876502999999999,0.0,0.0,0.0,421.745,300.274,0.831102,0.0,0.0,0.0,-0.17944087266625378,0.005302414372586258,-2.0777621664610324,0.45400120629412943,-2.469864694639259,1.772400137716299
30,1,456.992,306.141,0.592168,417.787,335.53,0.802705,427.543,337.483,0.90429,431.53,382.537,0.919798999999999,470.72,380.492,0.800419,413.829,333.577,0.680377,441.265,374.679,0.22425,470.706,370.769,0.323136,425.626,427.607,0.747715,429.467,490.23,0.73096,413.897,554.915,0.229391999999999,407.966,427.537,0.663388,415.904,482.44,0.512369,411.908,552.94,0.092455299999999,456.925,304.051,0.651778,0.0,0.0,0.0,445.177,304.079,0.919343999999999,0.0,0.0,0.0,-0.09325314416608908,0.03171262413127598,-1.5419748127104513,0.13879576432059224,-2.7122192058946806,1.7689892092988821
31,1,462.878,304.047,0.223351,431.609,333.516,0.915439,456.926,333.574,0.834395,470.66,372.766,0.842325999999999,490.29,368.756,0.661231999999999,413.871,333.512,0.833214,398.228,382.526,0.510832,0.0,0.0,0.0,449.196,423.675,0.753612,462.789,476.653,0.924145999999999,447.252,533.384,0.720546,417.795,421.698,0.748522999999999,429.531,480.513,0.861053,423.654,533.361,0.484635,462.887,296.292,0.312177,0.0,0.0,0.0,458.942,296.316,0.8862700000000001,431.468,294.351,0.214162,-0.09325314416608908,0.03171262413127598,-1.5419748127104513,0.13879576432059224,-2.7122192058946806,1.7689892092988821
32,1,0.0,0.0,0.0,478.558,335.409,0.933677,507.816,335.49,0.888428999999999,517.668,378.636,0.792744999999999,502.022,386.482,0.106916,455.051,333.474,0.832453,441.321,368.777,0.74072,455.001,386.498,0.176158999999999,494.149,413.947,0.8255600000000001,494.241,470.677,0.853474,492.232,527.476,0.910798,460.933,413.851,0.859236,460.902,464.872,0.936959,445.281,519.685,0.816365,0.0,0.0,0.0,0.0,0.0,0.0,498.148,304.063,0.799663999999999,476.499,302.14,0.702461999999999,-0.14999045888503065,-0.07357041088994498,-1.2003853720546112,-0.3798310681018785,-2.9413472669126715,1.7672397568418545
33,1,0.0,0.0,0.0,496.17,333.497,0.894725999999999,521.565,333.555,0.867188,527.544,368.917,0.909685,525.588,370.743,0.235285,476.629,331.619,0.924408,466.773,368.867,0.723441,484.405,382.595,0.151234999999999,507.99,407.966,0.832863999999999,505.942,464.795,0.835903,494.182,519.635,0.808792,480.456,404.117,0.777023,492.226,462.901,0.8367559999999991,494.198,515.759,0.666748,523.51,304.029,0.059091599999999,0.0,0.0,0.0,521.551,304.115,0.852874999999999,494.212,304.048,0.498154999999999,-0.041229873590762266,0.0051085178446301175,-1.5448773998492409,-0.7920914706108043,-3.198382247337459,1.7696701309441134
34,1,525.614,306.102,0.0639756,507.812,329.608,0.889478999999999,523.604,331.599,0.884145,529.506,368.775,0.833426999999999,541.156,364.912,0.43657,488.315,327.685,0.8440700000000001,480.477,364.925,0.460223,0.0,0.0,0.0,521.591,402.175,0.797562,525.545,458.956,0.870679,521.575,507.981,0.863495999999999,494.151,402.147,0.849283,498.096,460.791,0.858714,503.949,509.928,0.830079,525.636,304.087,0.116841,0.0,0.0,0.0,525.496,304.06,0.866266,504.028,302.128,0.408987999999999,-0.041229873590762266,0.0051085178446301175,-1.5448773998492409,-0.7920914706108043,-3.198382247337459,1.7696701309441134
35,1,554.932,304.247,0.250467,525.627,327.647,0.890668999999999,549.047,331.579,0.825195999999999,554.923,368.752,0.939421,552.985,368.871,0.20021000000000003,507.927,325.689,0.913461,496.218,366.75,0.680165,509.98,382.455,0.109096,541.144,402.182,0.832962,545.185,458.889,0.854874999999999,547.092,509.922,0.9107400000000001,509.935,402.114,0.836133,509.901,458.923,0.956789,504.024,509.838,0.889123,554.968,302.142,0.32596,0.0,0.0,0.0,547.111,302.187,0.906192,523.699,300.239,0.207848999999999,0.10965246698251989,-0.013855001191741656,-1.51357403864219,-1.0492054220634193,-3.0323458610676344,1.7541109948400808
36,1,0.0,0.0,0.0,547.089,333.495,0.868962999999999,570.501,333.583,0.937048999999999,582.317,368.809,0.866097999999999,576.52,368.816,0.235793,525.603,331.62,0.871178999999999,517.723,366.85,0.500722,531.445,382.481,0.151065,556.825,404.09,0.819522,554.935,458.953,0.889682,552.907,509.856,0.917374999999999,527.54,400.239,0.830395999999999,529.446,458.884,0.8778400000000001,525.509,509.877,0.921593999999999,572.619,306.004,0.0850298,0.0,0.0,0.0,570.63,304.172,0.906980999999999,543.208,302.184,0.468043,0.10965246698251989,-0.013855001191741656,-1.51357403864219,-1.0492054220634193,-3.0323458610676344,1.7541109948400808
37,1,0.0,0.0,0.0,554.829,329.602,0.879714999999999,572.488,333.491,0.915871999999999,584.28,368.764,0.890444999999999,0.0,0.0,0.0,531.426,325.758,0.818964999999999,523.565,364.817,0.678369,533.394,380.535,0.155502,556.949,402.149,0.835229,554.994,458.933,0.918300999999999,552.922,509.828,0.9218000000000001,533.377,400.152,0.826013999999999,533.341,458.861,0.843847,527.571,509.844,0.873595,0.0,0.0,0.0,0.0,0.0,0.0,572.534,304.186,0.918443999999999,549.078,302.196,0.594608999999999,0.11454564126607052,-0.01696728799824575,-1.3310056835997508,-1.0576851680570682,-3.0297078564801576,1.7521279298039791
38,2,0.0,0.0,0.0,554.875,329.602,0.888277,572.583,333.47,0.905052,586.293,368.742,0.949259,572.541,368.918,0.24877000000000002,531.396,327.668,0.825171,521.632,362.967,0.716776,537.326,376.652,0.170166999999999,558.816,404.061,0.833306999999999,554.992,460.797,0.923387,552.923,509.832,0.917098,533.41,400.181,0.816318,531.451,458.938,0.856943,529.445,509.848,0.865163,0.0,0.0,0.0,0.0,0.0,0.0,572.502,304.157,0.919836999999999,549.028,302.176,0.620749,0.11454564126607052,-0.01696728799824575,-1.3310056835997508,-1.0576851680570682,-3.0297078564801576,1.7521279298039791
39,2,0.0,0.0,0.0,554.876,327.697,0.887983,572.539,331.614,0.914549,586.353,366.935,0.979356,574.532,366.911,0.180027,533.381,325.746,0.83806,523.576,362.977,0.785979,539.269,370.762,0.144946,556.996,402.107,0.828364,556.804,458.907,0.923843,552.967,509.852,0.936577999999999,537.217,400.122,0.814102999999999,533.392,456.947,0.836615999999999,527.576,509.791,0.870485,0.0,0.0,0.0,0.0,0.0,0.0,572.51,304.065,0.911134,551.001,300.225,0.574324,0.17485839984582063,-0.003846818370864125,-1.0819631535597505,-1.0615559614010335,-3.05696010525529,1.7414945352621036
40,2,0.0,0.0,0.0,555.005,325.749,0.921142999999999,572.656,331.556,0.899354,586.351,366.916,0.9631059999999991,582.354,368.768,0.222530999999999,537.274,323.784,0.889045,525.604,364.831,0.367778999999999,0.0,0.0,0.0,556.946,400.229,0.85509,556.907,458.866,0.929388,552.946,509.825,0.944969,535.343,398.252,0.836572,535.356,456.971,0.839791,531.419,509.867,0.826997,0.0,0.0,0.0,0.0,0.0,0.0,572.615,304.091,0.851534999999999,552.935,300.252,0.644805,0.10990963800306035,0.09145164569902722,-1.362921300424656,-1.075839921488116,-3.1374927445225476,1.7497538527107726
41,2,0.0,0.0,0.0,552.915,329.626,0.847136999999999,570.669,331.586,0.895204999999999,586.231,366.869,0.929136,570.666,368.812,0.23414000000000001,527.511,331.539,0.836013999999999,521.574,364.857,0.611189,533.384,376.654,0.160728999999999,556.909,400.175,0.863614,554.942,456.963,0.852258,549.058,507.978,0.850316,531.429,398.265,0.835878999999999,539.218,455.041,0.821172,541.16,507.836,0.7076209999999991,0.0,0.0,0.0,0.0,0.0,0.0,568.599,304.141,0.841308,543.153,304.079,0.628481,0.10990963800306035,0.09145164569902722,-1.362921300424656,-1.075839921488116,-3.1374927445225476,1.7497538527107726
42,2,0.0,0.0,0.0,539.301,327.667,0.922403,560.848,327.669,0.838310999999999,572.639,364.891,0.798055,584.25,366.893,0.282842,515.777,329.608,0.806311999999999,509.863,364.942,0.573333,523.546,374.7,0.0780275,556.812,400.166,0.862783,562.754,453.033,0.838039,564.692,507.886,0.868904,525.575,400.193,0.866124999999999,537.247,458.868,0.848696,541.155,509.819,0.881112999999999,0.0,0.0,0.0,0.0,0.0,0.0,554.964,302.184,0.737754,533.364,302.188,0.46386499999999903,0.09242698659299034,0.16974726805973617,-1.3115705280201322,-1.1232600742933818,-3.2715254110520235,1.7466718105594354
43,2,0.0,0.0,0.0,552.983,331.604,0.870744,572.634,327.661,0.892119,598.047,353.175,0.784903,607.841,361.02,0.724984,525.631,335.468,0.869135999999999,517.726,366.807,0.7887500000000001,541.175,366.883,0.114621,570.584,400.203,0.873683999999999,584.315,449.213,0.869306999999999,598.056,504.004,0.838063999999999,539.325,402.157,0.837364999999999,541.219,458.895,0.913515,541.222,507.997,0.970360999999999,0.0,0.0,0.0,0.0,0.0,0.0,562.751,302.205,0.731386,539.326,304.099,0.742854999999999,0.09242698659299034,0.16974726805973617,-1.3115705280201322,-1.1232600742933818,-3.2715254110520235,1.7466718105594354
44,0,0.0,0.0,0.0,599.917,323.837,0.832626,619.52,331.573,0.902901,637.203,359.037,0.808983999999999,647.002,368.76,0.676416999999999,572.61,321.892,0.911594999999999,556.869,359.024,0.868332999999999,570.577,368.773,0.181845999999999,601.929,398.273,0.855961,601.857,447.236,0.851887,600.01,505.935,0.833788,572.498,398.182,0.845526999999999,562.773,447.216,0.880904999999999,556.931,503.961,0.896458,0.0,0.0,0.0,0.0,0.0,0.0,607.864,302.224,0.704409,586.357,302.171,0.7900400000000001,0.3152779023279038,-0.13584952620123958,-0.48726059019831863,-1.5036227304011307,-3.2297189221985185,1.7058105448354348
45,0,0.0,0.0,0.0,603.872,327.659,0.904546,623.486,331.55,0.845367,639.202,361.005,0.809866,649.02,374.655,0.734088,584.322,325.703,0.848814,570.533,360.949,0.814330999999999,572.566,366.931,0.335775999999999,605.89,400.144,0.854151,601.994,449.152,0.9082300000000001,600.01,505.956,0.879539,580.37,398.172,0.780694999999999,570.609,447.187,0.948229,568.633,503.967,0.8944400000000001,0.0,0.0,0.0,0.0,0.0,0.0,615.686,304.098,0.710849,590.182,304.098,0.8216800000000001,0.3152779023279038,-0.13584952620123958,-0.48726059019831863,-1.5036227304011307,-3.2297189221985185,1.7058105448354348
46,0,0.0,0.0,0.0,603.92,327.663,0.894157,623.551,331.58,0.839985,643.087,364.9,0.877192,633.359,359.038,0.238568,584.355,323.804,0.871506,570.519,359.043,0.771046,570.551,368.82,0.18672000000000002,607.805,400.171,0.819562999999999,602.005,449.129,0.911627,599.992,505.926,0.864541999999999,582.338,398.184,0.789794999999999,570.652,447.199,0.957691,570.491,504.002,0.900988,0.0,0.0,0.0,0.0,0.0,0.0,617.551,304.072,0.758683999999999,590.176,304.059,0.827058,0.3041317485743614,-0.1851405007445034,-0.2674907940771591,-1.507401246099026,-3.215627665846451,1.7100244426201612
47,0,0.0,0.0,0.0,599.929,325.713,0.8396979999999991,619.506,329.658,0.887753,619.597,364.867,0.531706999999999,603.937,370.823,0.0894851,572.628,323.736,0.902471999999999,562.764,364.883,0.801478999999999,556.849,398.196,0.214826,602.03,400.163,0.847352,601.904,449.193,0.858977999999999,600.021,507.834,0.864799,572.519,400.095,0.875674,566.678,449.186,0.847343,558.845,507.813,0.9123600000000001,0.0,0.0,0.0,0.0,0.0,0.0,607.843,302.215,0.662092999999999,586.33,302.158,0.881362,-0.028347774489649775,0.05664992537901434,-1.9526335812971192,-1.1631067218228965,-3.0605539414970067,1.754966137769354
48,0,586.314,306.097,0.576647,556.905,331.556,0.915476,576.47,333.528,0.869738999999999,590.247,366.901,0.904343,588.175,372.727,0.293462,539.243,329.652,0.876417999999999,529.427,366.904,0.42503,0.0,0.0,0.0,570.525,402.157,0.820446,584.351,454.977,0.839198,590.259,507.845,0.842113999999999,541.154,402.101,0.841372,547.1,456.93,0.833113999999999,547.118,509.811,0.892675,586.2,304.052,0.597993,0.0,0.0,0.0,572.647,304.126,0.888319,554.872,304.203,0.130923999999999,-0.028347774489649775,0.05664992537901434,-1.9526335812971192,-1.1631067218228965,-3.0605539414970067,1.754966137769354
49,0,572.537,304.251,0.943035,547.102,327.678,0.733414,552.992,329.65,0.887407,556.839,370.792,0.858991,582.308,380.582,0.704407999999999,541.294,323.813,0.747502999999999,560.841,368.786,0.179967,580.406,374.695,0.270344,552.912,402.175,0.810936,552.999,460.924,0.849101999999999,541.308,515.759,0.73675,541.272,400.205,0.747398999999999,551.036,460.888,0.755405,543.188,513.829,0.713189,568.675,302.138,0.874112999999999,572.591,302.145,0.268769,554.823,302.237,0.939300999999999,0.0,0.0,0.0,-0.2761075615151411,-0.031893816308980846,-2.897980934376308,-0.7336694743210134,-2.785226978845596,1.776111923256873
50,1,568.595,304.253,0.958097,545.132,335.448,0.900284,525.647,335.393,0.908959,523.564,368.906,0.915165,556.871,384.533,0.9259539999999991,566.653,335.536,0.834298,572.5,368.873,0.488956,584.27,382.553,0.377158,541.244,408.008,0.836874999999999,541.299,460.909,0.896498999999999,539.229,515.741,0.8317,566.716,406.076,0.769725999999999,568.632,460.846,0.845695,556.872,509.926,0.893007999999999,557.004,302.151,0.918242999999999,570.482,302.156,0.501138,541.268,304.1,0.9565539999999991,0.0,0.0,0.0,-0.2761075615151411,-0.031893816308980846,-2.897980934376308,-0.7336694743210134,-2.785226978845596,1.776111923256873
51,1,607.846,317.896,0.908612,586.333,335.573,0.974536,562.737,335.439,0.841306999999999,547.063,368.836,0.932955,572.551,384.466,1.02144,607.836,337.47,0.901416,609.804,370.832,0.733131,617.587,382.445,0.504962,570.646,413.944,0.871776,560.828,472.624,0.826214999999999,541.202,521.632,0.909581,601.926,415.784,0.866363,603.971,470.656,0.873757999999999,609.807,531.414,0.825205,603.959,308.111,0.921554,613.703,308.144,0.483365,588.211,306.038,0.941457,0.0,0.0,0.0,0.09557208213112858,0.12632245860422475,-2.7557384226837147,-0.8585516014163519,-2.137412895772912,1.7479450341060654
52,1,652.965,312.029,0.856966999999999,627.44,333.571,0.868143999999999,603.975,333.518,0.888127999999999,590.171,370.781,0.879343,586.302,409.933,0.901513999999999,648.925,335.441,0.928565,651.017,368.822,0.789993,664.567,372.733,0.406512999999999,617.597,413.92,0.902272,625.446,476.506,0.865610999999999,627.415,539.165,0.810987,639.184,413.85,0.8593189999999991,631.357,476.515,0.848631999999999,611.763,535.367,0.712761,651.033,306.111,0.914821999999999,660.652,306.007,0.0541624,637.211,304.143,0.911794,0.0,0.0,0.0,0.09557208213112858,0.12632245860422475,-2.7557384226837147,-0.8585516014163519,-2.137412895772912,1.7479450341060654
53,1,711.683,317.818,0.940307999999999,680.278,335.528,0.931968999999999,662.617,335.49,0.886440999999999,654.9,384.452,0.883286999999999,676.419,421.702,0.8686900000000001,696.054,337.394,0.874892999999999,699.949,380.605,0.381443,713.567,384.467,0.179985999999999,668.556,425.614,0.792851,668.554,482.482,0.837121,666.518,541.277,0.928869,697.876,421.748,0.802825,698.059,478.646,0.935533,664.706,527.558,0.763396,709.697,306.232,0.932472,713.585,306.052,0.0667165,690.15,304.238,0.885187,0.0,0.0,0.0,0.07545714348817947,0.12366466594342017,-2.629280455426634,-0.927935280600566,-1.4288954617081409,1.7524454696388498
54,1,790.038,319.741,0.943956999999999,756.748,337.426,0.908003999999999,733.253,335.566,0.858973,723.435,384.553,0.859058,727.331,431.427,0.918752,776.244,337.542,0.882211,784.136,382.474,0.638425,790.02,402.119,0.297473,745.042,431.433,0.849348999999999,746.964,494.178,0.904613999999999,715.621,545.135,0.816889,774.316,429.59,0.831102,762.652,494.264,0.832495,758.683,562.785,0.871935999999999,788.075,308.105,0.911416999999999,791.889,306.135,0.082426699999999,766.518,304.19,0.887006,0.0,0.0,0.0,0.037394208175913705,0.14898010798819672,-2.566114388750254,-1.0367550878624439,-0.7769494117657029,1.754985835123387
55,1,852.801,319.844,0.929226999999999,815.496,349.22,0.847583,795.927,349.217,0.850958,789.953,400.21,0.870043999999999,795.888,447.129,0.841970999999999,831.195,351.101,0.753927,836.941,396.266,0.648231999999999,856.604,398.194,0.799481999999999,809.696,445.172,0.76017,823.4,509.948,0.818446999999999,837.065,588.205,0.861803,827.23,443.276,0.725494,803.768,507.903,0.809506,762.659,556.917,0.806902999999999,852.603,310.048,0.87265,0.0,0.0,0.0,831.157,308.084,0.843881,0.0,0.0,0.0,0.037394208175913705,0.14898010798819672,-2.566114388750254,-1.0367550878624439,-0.7769494117657029,1.754985835123387
56,1,917.327,319.725,0.849148,876.233,351.079,0.845653,860.558,349.202,0.853328,858.57,406.052,0.793252,880.116,451.099,0.871992,889.948,351.16,0.759664,897.757,398.269,0.74738,925.173,398.253,0.841479,868.41,455.037,0.802659,854.784,523.654,0.9328200000000001,838.963,588.314,0.922555999999999,893.885,451.116,0.73967,901.622,519.663,0.871726,901.732,588.304,0.859547,915.391,308.058,0.871008,0.0,0.0,0.0,897.8,306.164,0.911300999999999,0.0,0.0,0.0,0.06183511433317933,0.19279387488654384,-2.221692550641878,-1.1665550094693853,-0.18202954771588734,1.7536380170032586
57,1,985.937,317.908,0.834297,946.799,349.175,0.818708,936.999,347.269,0.849691,940.862,402.151,0.797808,956.576,454.99,0.800547,956.533,349.21,0.678901,962.449,400.253,0.696307,993.808,406.043,0.809539,935.019,455.011,0.729796999999999,948.811,527.545,0.823836999999999,940.885,605.918,0.7258,944.781,453.069,0.629008,940.849,527.508,0.7539129999999991,929.15,603.889,0.800145,982.078,306.23,0.842905,0.0,0.0,0.0,964.454,306.17,0.916945999999999,0.0,0.0,0.0,0.06183511433317933,0.19279387488654384,-2.221692550641878,-1.1665550094693853,-0.18202954771588734,1.7536380170032586
58,1,42.72,323.739,0.5973200000000001,995.824,351.25,0.901183,1019.23,353.148,0.8359700000000001,1027.07,419.762,0.836913999999999,1042.67,476.486,0.885618999999999,978.074,349.253,0.814303999999999,964.425,413.899,0.127950999999999,0.0,0.0,0.0,1007.43,472.617,0.720229,1009.45,543.245,0.84174,1001.61,633.261,0.806905,976.074,462.92,0.737312,964.492,539.236,0.880972,940.885,603.999,0.805647,1042.74,319.727,0.684527,0.0,0.0,0.0,1029.05,312.034,0.867471999999999,0.0,0.0,0.0,0.20880652134350122,0.08016350384400685,-1.7285736443963873,-1.1323512039986665,0.23174976200217343,1.7461262846925099
59,1,58.38,319.932,0.187903,1013.45,353.17,0.879135999999999,1044.75,353.233,0.835295999999999,1058.52,427.566,0.844140999999999,1072.22,476.583,0.929364,983.96,353.066,0.845254,978.087,408.019,0.618935,984.023,445.223,0.0590184,1027.05,474.59,0.749002,1019.24,552.944,0.797484,1001.58,629.391,0.813715,985.916,464.848,0.733117,993.702,543.218,0.817902999999999,978.146,625.46,0.771517,1058.47,317.81,0.28144,0.0,0.0,0.0,1052.55,313.952,0.843438999999999,1021.24,306.212,0.226005999999999,0.20880652134350122,0.08016350384400685,-1.7285736443963873,-1.1323512039986665,0.23174976200217343,1.7461262846925099
60,2,60.4,319.755,0.159137,1019.23,353.16,0.863219,1052.51,353.211,0.826087,1066.27,427.524,0.79995,1074.18,478.565,0.939345,984.0,353.065,0.857622999999999,978.028,404.087,0.748007,995.69,423.674,0.0786743,1029.02,474.628,0.748576999999999,1017.31,554.855,0.809717999999999,997.696,629.344,0.797287,985.983,466.759,0.712523,993.823,543.194,0.844664,983.981,621.519,0.692249,1060.46,310.064,0.272893,0.0,0.0,0.0,1054.55,308.061,0.891417999999999,1021.16,306.138,0.244918,0.13316454004221062,0.1610409006176777,-1.6922724814298153,-1.17671845132883,0.18510960577576058,1.7528067258418847
61,2,0.0,0.0,0.0,1013.38,353.189,0.904868,1056.43,353.173,0.900212,1087.72,411.898,0.855063999999999,1113.29,443.201,0.858132,976.158,353.155,0.859943999999999,960.499,406.052,0.821909,991.801,409.924,0.0952363,1040.76,474.569,0.742588999999999,1044.72,547.068,0.802097,1031.05,631.306,0.817655999999999,989.882,474.62,0.741949,993.823,545.179,0.836997999999999,995.656,627.397,0.820635,1054.45,311.988,0.108447999999999,0.0,0.0,0.0,1042.8,310.06,0.919678,1009.37,306.235,0.388592,0.13316454004221062,0.1610409006176777,-1.6922724814298153,-1.17671845132883,0.18510960577576058,1.7528067258418847
62,0,0.0,0.0,0.0,1081.94,353.191,0.885551,1119.23,359.017,0.860506,1144.62,404.118,0.767452999999999,1154.39,429.569,0.812141,1042.72,351.221,0.890608,1013.43,400.215,0.897436999999999,1011.33,396.262,0.311048,1091.75,474.558,0.741072,1089.86,547.082,0.851389,1091.75,625.486,0.827426999999999,1042.78,472.633,0.772861,1025.13,545.119,0.839808999999999,1009.52,621.588,0.875933,0.0,0.0,0.0,0.0,0.0,0.0,1099.58,317.89,0.6755500000000001,1060.46,315.923,0.830465999999999,0.2359380852913877,-0.06515076075022146,-0.9507995651614147,-1.4103381648214215,0.21885972819308058,1.7266923392083706
63,0,74.05,323.752,0.111014,1105.42,351.203,0.916972,1136.78,353.169,0.871522999999999,1152.46,408.017,0.825288999999999,1162.21,439.333,0.753548,1074.06,349.184,0.850314999999999,1056.47,398.126,0.860217999999999,1027.08,402.175,0.80671,1115.27,470.703,0.720887,1103.45,545.142,0.873655,1093.69,621.61,0.793813,1072.06,468.759,0.712337999999999,1056.54,543.148,0.897674,1050.63,631.354,0.810929,0.0,0.0,0.0,1072.12,319.848,0.154684,1107.42,317.805,0.249717,1076.04,317.887,0.745294,0.18678268184604802,-0.07955083480111852,-0.05658666862725145,-1.303832508305486,0.2159404136727061,1.741423823048481
64,0,54.46,321.9,0.553697,1091.79,353.146,0.915137,1128.98,355.134,0.815777,1152.38,400.178,0.913733999999999,1146.57,394.26,0.082547799999999,1058.45,351.259,0.902432,1046.67,400.278,0.834465,1021.22,408.025,0.797701,1107.37,474.598,0.773897,1097.58,547.112,0.804607,1091.8,627.423,0.792791999999999,1060.45,476.481,0.728093,1048.67,543.237,0.833712999999999,1050.61,631.365,0.841113999999999,0.0,0.0,0.0,1054.5,317.885,0.628282999999999,1101.42,317.862,0.09192,1068.2,315.933,0.836374,0.18678268184604802,-0.07955083480111852,-0.05658666862725145,-1.303832508305486,0.2159404136727061,1.741423823048481
65,0,11.48,321.894,0.9287500000000001,1058.44,351.27,0.923003999999999,1085.79,349.19,0.789227999999999,0.0,0.0,0.0,0.0,0.0,0.0,1038.76,355.085,0.837886999999999,1027.11,413.947,0.900721,993.825,413.786,0.890776999999999,1074.16,464.832,0.758529,1072.14,541.24,0.873684999999999,1087.75,619.565,0.848592,1040.78,472.634,0.728691,1038.84,549.084,0.838495,1048.67,633.302,0.886208999999999,0.0,0.0,0.0,1015.33,315.888,0.843375,0.0,0.0,0.0,1040.84,308.046,0.896722999999999,-0.16436333493258568,0.054883207278524894,1.2548345828031238,-1.0075099774601461,0.21398942275432128,1.7776276722400304
66,0,997.782,319.857,0.881864,1027.06,353.092,0.894062999999999,1009.42,351.18,0.87648,989.836,390.402,0.6579900000000001,972.243,409.912,0.534934999999999,1042.83,353.122,0.875518999999999,1040.73,413.766,0.855962,983.985,415.804,0.899994,1011.43,462.837,0.744798,999.664,535.351,0.784034,991.769,603.991,0.870969,1034.93,464.845,0.722924,1027.16,543.158,0.841635999999999,1050.59,633.288,0.8506900000000001,995.838,310.021,0.606333999999999,1009.42,310.048,0.851591,0.0,0.0,0.0,1032.98,308.071,0.851461999999999,-0.16436333493258568,0.054883207278524894,1.2548345828031238,-1.0075099774601461,0.21398942275432128,1.7776276722400304
67,0,962.521,317.856,0.921555,993.858,351.17,0.911631,978.065,351.145,0.855842999999999,966.324,398.26,0.355501,952.594,413.833,0.388864,1011.38,351.199,0.917524999999999,1011.51,404.103,0.810715,964.451,415.796,0.919408999999999,982.055,460.95,0.729661999999999,980.091,537.24,0.844409,984.021,605.934,0.813334999999999,1005.49,462.823,0.746004,999.627,539.223,0.8031,1040.77,619.595,0.878448,962.497,306.184,0.359786999999999,968.294,306.201,0.889166999999999,0.0,0.0,0.0,995.649,306.122,0.974943999999999,-0.22201031880641595,0.06923973390122318,0.7390044441826679,-1.02008264955607,-0.021424531620526287,1.782740468776214
68,1,933.06,317.858,0.697966,974.149,349.254,0.705917999999999,966.392,349.181,0.595877,962.387,402.152,0.122616999999999,929.161,413.794,0.183846999999999,976.086,351.184,0.810349,974.216,404.074,0.795949,927.14,413.928,0.895791999999999,966.399,462.785,0.590195,976.079,539.182,0.780582,984.02,615.623,0.740262,964.33,462.877,0.772822,946.698,539.269,0.869914,944.807,631.339,0.820716,0.0,0.0,0.0,933.153,306.158,0.757114,0.0,0.0,0.0,948.721,306.169,0.9049800000000001,-0.22201031880641595,0.06923973390122318,0.7390044441826679,-1.02008264955607,-0.021424531620526287,1.782740468776214
69,1,0.0,0.0,0.0,942.862,351.213,0.88743,964.47,351.078,0.849380999999999,950.673,407.966,0.099642399999999,0.0,0.0,0.0,915.5,353.094,0.88658,911.502,411.939,0.787960999999999,880.102,413.93,0.853456999999999,954.611,464.852,0.703503,956.518,539.262,0.813294,978.183,613.715,0.845162,919.315,472.62,0.707745,915.41,547.111,0.799875999999999,917.369,633.21,0.871375999999999,0.0,0.0,0.0,901.793,306.047,0.107822999999999,946.761,306.11,0.270202999999999,913.465,306.125,0.935762,-0.010262234714289335,-0.011397538151419272,-0.41162222685458116,-0.7537686414409862,-0.24065702043771986,1.7714487475873015
70,1,0.0,0.0,0.0,911.493,351.239,0.898619,942.803,353.077,0.863544,942.832,404.057,0.564267,0.0,0.0,0.0,882.037,351.191,0.875622999999999,870.325,409.944,0.828283999999999,841.023,411.875,0.799133,927.151,462.927,0.737764,893.837,541.231,0.784026999999999,876.251,607.835,0.804392999999999,889.981,464.838,0.703141,899.719,543.211,0.744452999999999,917.393,633.226,0.834870999999999,0.0,0.0,0.0,870.386,306.13,0.0766659,915.472,306.127,0.448366999999999,882.083,306.174,0.93437,0.06775710216989347,-0.08267655064651412,-0.5610148456774362,-0.8924332845383509,-0.5621412370459964,1.7568027246566233
71,1,0.0,0.0,0.0,874.243,349.211,0.886517999999999,901.754,351.132,0.889355,903.711,400.125,0.609738,0.0,0.0,0.0,850.697,349.166,0.833568,836.986,398.297,0.85431,807.766,402.18,0.779220999999999,887.99,455.026,0.747912999999999,870.283,527.469,0.8357100000000001,870.297,599.946,0.757683999999999,854.626,458.869,0.739155,842.912,525.593,0.816836,882.104,603.856,0.743916999999999,0.0,0.0,0.0,842.891,306.161,0.0956233,883.967,306.129,0.40314000000000005,850.76,306.175,0.956392999999999,0.06775710216989347,-0.08267655064651412,-0.5610148456774362,-0.8924332845383509,-0.5621412370459964,1.7568027246566233
72,1,0.0,0.0,0.0,833.157,351.095,0.905157,868.302,351.199,0.902220999999999,876.236,398.165,0.868498999999999,852.674,400.092,0.313774999999999,797.832,349.207,0.847965,782.158,398.211,0.871196,811.611,392.325,0.0688834,842.907,454.993,0.752634999999999,852.637,523.529,0.891976999999999,860.538,599.995,0.816429,803.722,453.036,0.739001,790.0,513.824,0.885332999999999,774.406,586.217,0.896258999999999,0.0,0.0,0.0,0.0,0.0,0.0,852.752,306.161,0.878388,819.425,304.242,0.930319,-0.03911353056392211,-0.06455639760370249,-1.1490011346823783,-0.9018514457972161,-0.9629443283563145,1.7777954460248107
73,1,0.0,0.0,0.0,789.935,345.329,0.883182999999999,821.403,347.231,0.891126,833.142,390.352,0.845823999999999,809.584,396.227,0.218219,754.758,345.307,0.828896,741.056,394.232,0.863239,770.382,382.534,0.0939608,805.724,443.261,0.79127,805.715,507.91,0.929196999999999,805.751,578.428,0.880809,764.548,445.151,0.75612,770.411,509.887,0.858862999999999,774.409,586.192,0.918813,0.0,0.0,0.0,0.0,0.0,0.0,807.738,304.135,0.9613800000000001,774.387,300.233,0.793725,-0.03911353056392211,-0.06455639760370249,-1.1490011346823783,-0.9018514457972161,-0.9629443283563145,1.7777954460248107
74,1,0.0,0.0,0.0,788.008,343.386,0.871023999999999,819.43,345.326,0.869804999999999,827.249,388.42,0.855853,805.719,396.185,0.210373999999999,752.802,343.377,0.833125999999999,741.056,394.228,0.862858,766.467,384.443,0.0943494,803.748,443.226,0.763784999999999,792.045,507.962,0.872807999999999,788.1,572.579,0.804425,762.57,443.253,0.768285,764.556,509.833,0.853671,776.258,580.4,0.819839,0.0,0.0,0.0,0.0,0.0,0.0,805.747,304.211,0.93069,774.248,302.227,0.929254999999999,0.010522141494151807,-0.07393560698829343,-1.1951134753169819,-1.0090775106747392,-1.072172864417797,1.7676737468186292
75,1,0.0,0.0,0.0,786.129,341.424,0.863468,819.372,347.269,0.860624,823.315,392.333,0.9004800000000001,803.673,396.25,0.27716,752.789,339.39,0.868404,735.167,384.48,0.888811999999999,758.733,382.568,0.111604,792.086,441.293,0.77914,790.108,505.94,0.880795,788.054,572.63,0.871911,756.643,435.462,0.750885999999999,746.911,500.076,0.876648,739.043,570.525,0.841468999999999,0.0,0.0,0.0,0.0,0.0,0.0,807.747,306.148,0.990095,776.286,304.1,0.721839,0.010522141494151807,-0.07393560698829343,-1.1951134753169819,-1.0090775106747392,-1.072172864417797,1.7676737468186292
76,1,0.0,0.0,0.0,754.716,339.399,0.878417999999999,778.273,341.361,0.860441999999999,791.925,388.457,0.909196,772.422,384.491,0.216894,725.39,337.537,0.916619,711.739,382.572,0.900945,741.033,384.517,0.213647,766.492,435.433,0.753589,776.308,502.003,0.858982999999999,778.259,572.496,0.874127,729.283,435.451,0.768606,731.3,496.224,0.874687,731.279,570.569,0.904353,0.0,0.0,0.0,0.0,0.0,0.0,776.334,304.211,0.969193,745.041,302.239,0.571597,0.12299458167485813,0.05588960494567601,-1.4336338429123625,-1.0119489127200998,-1.2996776770004659,1.7584588950362894
77,2,0.0,0.0,0.0,741.012,339.414,0.875618999999999,764.559,339.479,0.836046,778.33,386.499,0.891637999999999,762.604,376.643,0.158139,711.679,339.402,0.915617999999999,699.887,382.555,0.849768,727.298,386.477,0.145642,758.607,433.505,0.777283,760.726,500.114,0.831417,762.581,566.715,0.868417,723.424,433.513,0.745502999999999,729.224,498.113,0.888061999999999,731.215,564.7,0.847577999999999,0.0,0.0,0.0,0.0,0.0,0.0,764.547,306.085,0.909324999999999,737.151,304.088,0.439644999999999,0.12299458167485813,0.05588960494567601,-1.4336338429123625,-1.0119489127200998,-1.2996776770004659,1.7584588950362894
78,2,0.0,0.0,0.0,740.995,337.528,0.897296,764.53,337.564,0.861401,778.336,384.561,0.909153,758.707,382.571,0.198102,711.677,337.516,0.937724,699.89,382.518,0.850368999999999,727.33,386.424,0.157268,758.613,431.596,0.787262,760.71,498.087,0.836139,762.583,568.629,0.883359,723.415,431.593,0.753294999999999,729.234,496.185,0.904636,729.414,564.72,0.8481500000000001,0.0,0.0,0.0,0.0,0.0,0.0,762.599,306.053,0.906774,733.25,304.058,0.46668000000000004,0.1735614424262238,0.1418422795566937,-1.5255076390392173,-1.028661059595019,-1.3637321812975496,1.7490447015737156
79,2,772.349,310.029,0.14591,739.056,337.513,0.878576999999999,760.74,337.555,0.900327,776.314,386.463,0.9381700000000001,758.737,384.495,0.235599,711.61,337.522,0.924956999999999,698.043,382.539,0.876158,727.337,390.35,0.25765000000000005,756.71,433.437,0.777401,760.636,500.096,0.833646999999999,762.607,568.679,0.883548,723.391,433.445,0.748549,729.226,496.215,0.888888999999999,731.224,566.661,0.8547,772.314,306.081,0.243545999999999,0.0,0.0,0.0,760.627,306.066,0.953863999999999,735.148,304.143,0.275458,0.1709167117577678,0.15877786879948932,-1.6291079842187737,-1.01796600009149,-1.3637138741757167,1.7469425171664623
80,2,0.0,0.0,0.0,737.092,337.586,0.867409,760.623,339.491,0.902196999999999,774.385,388.442,0.900814,758.667,384.502,0.184548,711.581,337.57,0.922055,699.9,382.584,0.8566549999999991,727.323,388.407,0.194644999999999,756.661,431.585,0.774073,760.606,496.162,0.862424,762.607,568.588,0.866306999999999,721.457,431.591,0.757288,727.428,496.164,0.901481,729.405,562.795,0.838515999999999,764.532,304.233,0.0597394,0.0,0.0,0.0,760.578,304.235,0.938936,731.269,304.095,0.446742,0.1709167117577678,0.15877786879948932,-1.6291079842187737,-1.01796600009149,-1.3637138741757167,1.7469425171664623
81,2,766.537,306.13,0.0527081,735.204,337.552,0.881908999999999,760.627,339.432,0.912177999999999,774.362,390.349,0.909816,760.632,382.463,0.184647999999999,711.559,337.537,0.926044,699.894,384.402,0.7932800000000001,727.227,390.334,0.132454,754.788,431.566,0.777554,760.606,496.154,0.872066999999999,762.572,564.733,0.850521,721.444,431.573,0.758087,727.428,496.137,0.904542,729.4,562.78,0.841866,764.531,304.224,0.111708,0.0,0.0,0.0,758.75,304.211,0.961904,729.382,304.119,0.427459,0.15171998149620433,0.14891278089026566,-1.6399601349242003,-1.0077759705824954,-1.355956936438048,1.7501580982608345
82,2,768.407,306.163,0.053037999999999,735.202,337.574,0.870436,760.599,339.465,0.910998,774.38,388.376,0.918298,760.645,382.478,0.208173,711.594,337.564,0.924882,699.89,382.591,0.826043,727.261,394.235,0.20772000000000002,754.762,431.541,0.783551,760.608,496.165,0.866772,762.572,566.654,0.851001999999999,721.421,431.542,0.755124999999999,727.432,496.131,0.9184,729.408,564.69,0.840375,764.552,304.233,0.108478999999999,0.0,0.0,0.0,758.767,304.213,0.966943999999999,731.244,304.101,0.358736,0.15171998149620433,0.14891278089026566,-1.6399601349242003,-1.0077759705824954,-1.355956936438048,1.7501580982608345
83,2,0.0,0.0,0.0,735.203,337.533,0.887197999999999,760.627,339.425,0.913264,774.405,386.473,0.920474999999999,758.665,384.49,0.220155,711.572,337.51,0.9282729999999991,699.89,382.516,0.841015,727.262,392.303,0.233997999999999,754.752,431.522,0.7716200000000001,760.61,496.127,0.862146,762.582,568.593,0.863618,719.5,431.522,0.760357,727.434,494.272,0.919963,729.414,566.655,0.852155999999999,762.631,306.017,0.0803258,0.0,0.0,0.0,758.745,304.226,0.950939,729.365,304.093,0.42856299999999903,0.13656592256661454,0.09943125015795215,-1.4775768081027305,-0.985259125884532,-1.362058109346245,1.75446232763827
84,2,0.0,0.0,0.0,733.219,339.405,0.883261,760.629,339.492,0.892766,774.437,386.43,0.933427999999999,758.714,380.57,0.167943999999999,707.774,339.398,0.879753,697.984,384.431,0.865352999999999,725.303,386.494,0.172089,754.76,433.5,0.760351,760.589,498.128,0.8598600000000001,762.615,568.628,0.870494999999999,717.568,433.534,0.748954999999999,727.405,496.234,0.888031,731.246,564.758,0.829383,0.0,0.0,0.0,0.0,0.0,0.0,758.747,306.051,0.959145999999999,727.378,302.24,0.774187,0.13656592256661454,0.09943125015795215,-1.4775768081027305,-0.985259125884532,-1.362058109346245,1.75446232763827
85,2,0.0,0.0,0.0,733.186,339.429,0.881118,760.641,339.489,0.903643,774.391,386.526,0.917646,758.7,386.432,0.251785,707.71,339.448,0.864676,697.927,384.416,0.889776999999999,725.312,386.453,0.182954,754.721,433.484,0.753146,760.613,496.234,0.863058999999999,762.611,568.621,0.874918,715.658,433.531,0.748977999999999,727.372,496.177,0.906628999999999,729.389,564.713,0.839132,0.0,0.0,0.0,0.0,0.0,0.0,758.678,306.057,0.97684,727.334,304.07,0.581295,0.10552497542567542,0.07423370874220157,-1.3512399127887793,-0.9670958579058858,-1.3776321051518148,1.7583796579026363
86,2,0.0,0.0,0.0,731.257,339.411,0.897102,760.569,339.476,0.905856,774.342,388.443,0.901222,758.762,382.53,0.202091,705.78,339.423,0.86814,697.967,384.44,0.86248,725.382,388.396,0.150924,754.714,433.514,0.739706,760.59,500.056,0.864634,762.616,570.522,0.884344999999999,715.657,435.429,0.7418300000000001,727.373,498.109,0.892752999999999,729.416,564.717,0.835975999999999,0.0,0.0,0.0,0.0,0.0,0.0,758.679,306.038,0.970312,727.337,302.218,0.559933999999999,0.10552497542567542,0.07423370874220157,-1.3512399127887793,-0.9670958579058858,-1.3776321051518148,1.7583796579026363
87,2,0.0,0.0,0.0,729.383,339.403,0.912198,758.734,339.448,0.903466,774.338,386.525,0.892983,760.682,380.551,0.224372,703.814,339.421,0.866958999999999,697.929,384.403,0.8087500000000001,725.363,388.415,0.115617,750.878,433.469,0.7524400000000001,760.587,498.143,0.858617,762.575,568.652,0.894288,715.594,433.524,0.758768999999999,727.413,496.235,0.883069,731.229,566.657,0.829822,0.0,0.0,0.0,0.0,0.0,0.0,758.649,306.083,0.957685999999999,727.345,302.243,0.523717,0.10309688932628734,0.0921098839820809,-1.424908036059158,-0.9684036606055537,-1.3761535403639653,1.7581530883979735
88,2,0.0,0.0,0.0,729.4,339.406,0.910494999999999,758.759,339.466,0.9050600000000001,774.343,386.489,0.9072209999999991,758.709,384.439,0.21590499999999901,703.804,339.422,0.872915,697.89,384.443,0.856371,723.371,388.388,0.14027799999999901,752.801,433.493,0.752012,760.583,498.146,0.860348,762.587,568.662,0.892972,715.612,435.401,0.7581500000000001,727.389,496.217,0.892485,731.215,566.668,0.841351,0.0,0.0,0.0,0.0,0.0,0.0,758.709,304.244,0.937244,727.361,302.16,0.535539,0.086149956561866,0.1448170008881699,-1.6202930842769183,-0.962859438016303,-1.3692445368624135,1.7579486883441795
89,2,760.566,306.172,0.0595645,729.377,337.565,0.922438,758.735,339.411,0.917055,774.338,386.485,0.896683999999999,758.678,384.453,0.198416999999999,703.79,337.567,0.875468999999999,697.913,384.416,0.837550999999999,725.314,388.419,0.129466,752.81,433.445,0.7559100000000001,760.591,498.092,0.858576,762.578,568.654,0.891617999999999,715.625,433.503,0.762608,727.384,496.19,0.895050999999999,729.413,564.744,0.838364,760.583,306.032,0.118031,0.0,0.0,0.0,758.616,304.181,0.911188,727.35,302.154,0.42778000000000005,0.086149956561866,0.1448170008881699,-1.6202930842769183,-0.962859438016303,-1.3692445368624135,1.7579486883441795
90,2,0.0,0.0,0.0,729.333,339.407,0.916706999999999,758.72,339.453,0.900515,774.356,388.386,0.887374999999999,758.741,382.556,0.195605,699.967,339.412,0.890558,697.885,384.409,0.853518999999999,723.386,386.47,0.117913999999999,752.777,433.525,0.744668,760.578,500.049,0.841415999999999,762.589,570.502,0.891270999999999,715.58,435.431,0.759877999999999,727.376,496.211,0.889428999999999,729.414,566.705,0.840738,758.797,305.999,0.065007799999999,0.0,0.0,0.0,756.736,304.174,0.891861,727.256,302.192,0.57638,0.053222805715362406,0.2037623775268118,-0.9530709778528905,-0.9054884168220485,-1.432381607234086,1.7587721685533944
91,2,0.0,0.0,0.0,731.299,339.477,0.882788999999999,760.704,339.468,0.899099,774.419,388.418,0.906299,758.708,390.336,0.173836,701.919,341.405,0.850325999999999,697.901,384.489,0.885393,725.323,386.454,0.119245999999999,754.734,431.599,0.765455999999999,760.609,496.122,0.878003,760.762,568.625,0.889477,715.613,433.491,0.759618,727.356,494.298,0.921420999999999,729.358,558.927,0.867134,0.0,0.0,0.0,0.0,0.0,0.0,750.876,304.16,0.835657,717.573,304.171,0.833537,0.053222805715362406,0.2037623775268118,-0.9530709778528905,-0.9054884168220485,-1.432381607234086,1.7587721685533944
92,2,0.0,0.0,0.0,731.325,339.389,0.898571,762.621,337.483,0.887096,776.425,384.446,0.974899,758.649,384.524,0.210201,701.882,341.407,0.86306,695.985,384.6,0.923180999999999,725.378,384.456,0.108139,756.694,431.596,0.793053,760.637,496.169,0.877105999999999,762.626,568.643,0.884106,715.635,433.509,0.778177999999999,727.312,496.143,0.91376,729.383,562.798,0.854749,0.0,0.0,0.0,0.0,0.0,0.0,746.891,304.055,0.90083,713.69,304.141,0.911658,0.1030921587694942,0.23201764348668202,-0.6714988859248816,-0.9236588479221306,-1.477644174970356,1.755441072959535
93,2,0.0,0.0,0.0,737.116,339.398,0.880501,764.581,337.491,0.874006,780.252,384.42,0.9318400000000001,758.71,386.496,0.300415,707.756,341.395,0.855673999999999,697.865,384.504,0.950206,727.279,384.429,0.157063999999999,758.682,431.512,0.834603,762.562,496.146,0.859564999999999,762.62,568.61,0.891523,721.449,433.433,0.774158999999999,727.386,494.259,0.928099,729.346,562.777,0.853829,0.0,0.0,0.0,0.0,0.0,0.0,750.857,302.212,0.829515999999999,719.524,304.134,0.889797,0.1030921587694942,0.23201764348668202,-0.6714988859248816,-0.9236588479221306,-1.477644174970356,1.755441072959535
94,2,0.0,0.0,0.0,735.203,339.39,0.895807999999999,766.519,337.496,0.871105999999999,776.404,384.503,0.962718,758.636,384.558,0.233704,703.863,341.368,0.861764,697.866,384.566,0.9131400000000001,725.37,384.437,0.154883,758.704,431.538,0.832854,760.756,496.158,0.868835999999999,762.598,566.698,0.8929300000000001,719.543,433.484,0.761861999999999,727.348,496.195,0.902566,729.375,562.772,0.856773999999999,0.0,0.0,0.0,0.0,0.0,0.0,750.813,304.081,0.682871,721.433,304.136,0.949519,-0.12657078796448304,0.08617237775439239,-0.21027840247616375,-0.892247026181223,-1.4212381925432835,1.776805976434458
95,2,711.765,308.113,0.054284599999999,739.097,337.55,0.918094,770.408,337.409,0.888695999999999,786.119,382.492,0.936315999999999,760.586,386.484,0.377436,707.738,341.375,0.867564999999999,696.077,384.549,0.916532,0.0,0.0,0.0,760.566,431.572,0.828828999999999,762.595,494.235,0.878671,762.62,564.696,0.864911,723.392,433.514,0.765126,727.355,494.291,0.9248869999999991,729.367,562.751,0.856883,0.0,0.0,0.0,713.602,304.103,0.118354,746.941,302.224,0.39896000000000004,717.593,304.167,0.941103999999999,-0.12657078796448304,0.08617237775439239,-0.21027840247616375,-0.892247026181223,-1.4212381925432835,1.776805976434458
96,2,0.0,0.0,0.0,742.981,337.537,0.946523,774.347,337.453,0.921055,789.941,382.522,0.970306999999999,760.69,388.385,0.285703,711.596,339.448,0.911675,697.958,384.544,0.94876,727.294,382.466,0.143842,760.702,431.567,0.827982,764.546,494.258,0.875888999999999,764.546,566.708,0.861862999999999,725.336,433.49,0.791505999999999,727.342,494.232,0.935665,729.26,564.692,0.877413999999999,0.0,0.0,0.0,723.315,304.114,0.0640655,756.636,302.143,0.521708,723.444,304.107,0.953920999999999,-0.26275819822093444,0.13757237447014756,0.010238150266975434,-0.8510521658368504,-1.3754336166622891,1.7849027146942906
97,2,711.745,308.099,0.150559,739.068,339.412,0.9085000000000001,770.441,337.529,0.892992999999999,778.336,382.564,0.934354999999999,760.656,386.492,0.334872,705.798,341.399,0.866462,695.999,386.492,0.918667999999999,719.486,380.559,0.089891199999999,758.636,431.459,0.851977,762.645,494.185,0.875053,766.488,560.792,0.847399,717.512,431.557,0.786570999999999,727.248,496.152,0.903544999999999,729.26,562.778,0.866356999999999,0.0,0.0,0.0,711.735,304.124,0.263274,746.947,304.106,0.294883,719.483,304.207,0.938905,-0.26275819822093444,0.13757237447014756,0.010238150266975434,-0.8510521658368504,-1.3754336166622891,1.7849027146942906
98,2,711.576,308.127,0.0557159,731.305,339.388,0.919350999999999,762.669,337.471,0.907872,776.263,384.46,1.00022,758.735,390.39,0.28036,699.926,341.369,0.9017100000000001,693.997,386.457,0.906405999999999,713.669,384.472,0.110975999999999,756.703,431.554,0.823346999999999,760.677,492.299,0.920009,764.53,558.918,0.871251999999999,715.578,433.509,0.778586999999999,725.338,496.194,0.868881999999999,729.278,566.646,0.869862999999999,0.0,0.0,0.0,711.592,304.19,0.119266,744.882,304.053,0.370741,713.643,304.214,0.984796,-0.25383382929499987,0.1954255429537708,0.0002466904234334685,-0.8057078739881055,-1.4084810612275191,1.7795998433806743
99,2,705.779,308.134,0.113417999999999,729.364,339.404,0.934465999999999,762.578,337.491,0.912356,774.423,384.493,0.974923,758.609,388.411,0.185202999999999,697.995,341.391,0.908836,692.092,386.435,0.859953,713.696,384.483,0.107778,754.732,431.589,0.7837900000000001,756.73,494.294,0.860696999999999,758.615,558.838,0.888655,713.661,435.441,0.776606999999999,721.492,500.05,0.821237999999999,729.327,564.708,0.847213,0.0,0.0,0.0,705.818,304.206,0.194982,742.933,304.04,0.347684999999999,711.691,304.235,0.988641,-0.2275196639380739,0.20107089211595117,-0.011107098484793783,-0.8095031084626264,-1.4185521777178534,1.7792357919566517
100,2,0.0,0.0,0.0,731.295,337.574,0.917646,762.646,337.451,0.9114200000000001,776.269,384.44,0.991557999999999,758.652,384.536,0.252872,699.936,341.355,0.896111,694.003,386.494,0.908134,713.661,384.485,0.127968,752.788,431.588,0.788195,754.765,494.199,0.859816999999999,758.565,558.862,0.878935999999999,713.645,433.504,0.785709,723.365,496.152,0.866679,729.312,560.814,0.84694,0.0,0.0,0.0,711.57,306.1,0.104364,743.056,304.073,0.387588,713.638,304.245,0.986962,-0.2275196639380739,0.20107089211595117,-0.011107098484793783,-0.8095031084626264,-1.4185521777178534,1.7792357919566517
101,2,711.534,311.987,0.0649148,731.334,337.572,0.916941,762.681,337.445,0.907404999999999,776.34,382.59,0.977123,758.705,392.327,0.335765,699.951,341.389,0.889521999999999,694.053,388.378,0.893953999999999,715.58,386.456,0.130263,756.647,431.579,0.789584,756.65,494.216,0.854564,756.763,556.998,0.883,713.738,433.508,0.785682999999999,725.31,496.219,0.854823999999999,729.291,562.747,0.845128999999999,0.0,0.0,0.0,711.557,306.058,0.13423000000000002,744.903,304.053,0.374378999999999,713.658,304.239,0.987927,-0.20891184130392113,0.2073760720863674,-0.017742108566358543,-0.8121284499959089,-1.4168117926163635,1.7786180553989495
102,2,711.586,310.042,0.058630299999999004,731.326,339.403,0.914925,762.673,337.481,0.909878,776.349,382.612,0.987651,758.693,390.364,0.318165,699.941,341.388,0.902583999999999,694.017,386.476,0.901794,715.651,384.453,0.115927999999999,754.723,433.477,0.784451999999999,756.637,494.245,0.857856,758.571,558.84,0.890308,713.673,435.411,0.781627,723.433,500.073,0.824446,729.288,562.783,0.83245,0.0,0.0,0.0,711.622,304.234,0.127114,744.93,304.067,0.41279000000000005,713.69,304.247,0.998552,-0.20891184130392113,0.2073760720863674,-0.017742108566358543,-0.8121284499959089,-1.4168117926163635,1.7786180553989495
103,2,0.0,0.0,0.0,733.181,339.393,0.912663,764.532,337.476,0.907034999999999,776.301,384.423,0.990632,758.681,390.348,0.27709,699.967,341.368,0.8988600000000001,694.057,386.438,0.904042,715.559,384.471,0.128384,754.714,431.593,0.784273999999999,754.785,494.195,0.874844,758.563,556.941,0.890633999999999,713.675,433.5,0.788511,723.427,498.093,0.84865,729.312,560.82,0.84086,0.0,0.0,0.0,711.596,304.256,0.114089,744.922,304.09,0.415840999999999,713.67,304.253,0.993525,-0.2137534567278297,0.1967724280869274,-0.012438403964975447,-0.8111348232018711,-1.409093608525567,1.7790688720505272
104,2,0.0,0.0,0.0,731.316,339.414,0.911778,764.53,337.517,0.896381,776.327,384.412,0.9812200000000001,758.652,390.356,0.280022999999999,699.935,341.384,0.903785,695.89,386.501,0.878965,715.62,384.484,0.111096,752.814,431.594,0.781324,754.788,494.237,0.864321,758.58,556.975,0.888292,713.666,433.49,0.785322,723.442,498.139,0.842533,729.286,560.834,0.842938,0.0,0.0,0.0,711.606,306.04,0.0856118,744.912,304.075,0.423159,713.667,304.228,0.994788,-0.2137534567278297,0.1967724280869274,-0.012438403964975447,-0.8111348232018711,-1.409093608525567,1.7790688720505272
105,2,0.0,0.0,0.0,733.177,337.584,0.914736999999999,764.543,337.494,0.896485,776.358,384.412,0.978742,758.708,392.295,0.293972,699.95,341.353,0.898756999999999,695.88,386.416,0.900716,715.651,384.507,0.106294,754.738,431.559,0.789607,754.793,494.22,0.855051999999999,758.574,558.814,0.8748800000000001,713.714,433.462,0.792083,725.318,496.223,0.853547,729.298,560.85,0.842511999999999,0.0,0.0,0.0,711.716,306.089,0.0680151,744.922,304.051,0.485957,713.688,304.243,0.986032999999999,-0.1564469680699899,0.2381560967515925,-0.1113482297323466,-0.8046272031549895,-1.4211840845335928,1.775508636650683
106,2,0.0,0.0,0.0,731.308,339.42,0.903115999999999,762.675,337.493,0.883574,776.397,382.608,0.970402,760.572,394.303,0.428701,699.923,341.425,0.878971,694.052,386.503,0.873742999999999,715.564,384.453,0.116348,752.818,431.572,0.777358999999999,754.771,494.218,0.866014,756.754,558.875,0.873483,713.68,433.502,0.777918,723.418,496.208,0.85267,729.371,562.793,0.833202,0.0,0.0,0.0,0.0,0.0,0.0,743.063,302.212,0.619773,711.753,304.204,1.02223,-0.1564469680699899,0.2381560967515925,-0.1113482297323466,-0.8046272031549895,-1.4211840845335928,1.775508636650683
107,2,0.0,0.0,0.0,733.215,339.39,0.904736,764.547,337.463,0.882303,778.319,382.568,0.961836999999999,760.617,394.275,0.506832,701.851,341.389,0.876169,694.058,386.429,0.897795,723.394,384.455,0.111733,754.788,431.575,0.7891900000000001,756.671,494.252,0.861108,758.575,558.872,0.883964,715.544,435.395,0.772199,725.357,500.077,0.847004,729.316,562.785,0.844102999999999,0.0,0.0,0.0,0.0,0.0,0.0,743.057,304.108,0.613308,713.598,306.106,1.01809,0.004686767444301384,0.33561727608305164,-0.2232420317865378,-0.8066228736133623,-1.464269475725941,1.7627686589969684
108,2,0.0,0.0,0.0,735.159,339.412,0.896454,766.497,337.547,0.867556999999999,776.414,384.469,0.963452,758.696,392.34,0.322534,703.797,341.367,0.870532,695.941,384.606,0.900551,725.344,382.601,0.100232999999999,754.771,433.466,0.775189,756.659,494.235,0.861588999999999,758.595,556.99,0.878371999999999,715.554,435.4,0.767461,725.316,496.164,0.873942999999999,729.328,558.863,0.877158999999999,0.0,0.0,0.0,0.0,0.0,0.0,744.889,304.108,0.636792999999999,713.64,306.077,1.03478,0.004686767444301384,0.33561727608305164,-0.2232420317865378,-0.8066228736133623,-1.464269475725941,1.7627686589969684
109,2,0.0,0.0,0.0,735.165,339.4,0.89424,766.487,337.455,0.874016,776.426,382.614,0.958557,760.567,392.309,0.405485,703.816,341.442,0.860480999999999,695.933,386.453,0.889633999999999,0.0,0.0,0.0,756.735,431.559,0.794285,756.74,494.119,0.880875,758.605,556.977,0.883624,717.522,433.489,0.761911999999999,725.346,496.181,0.873652,729.339,560.8,0.848182,0.0,0.0,0.0,0.0,0.0,0.0,744.895,302.219,0.722649,713.633,306.07,1.04212,-0.009294902755101614,0.3469808447299587,-0.21864673806709556,-0.813387323401593,-1.4622057183545323,1.7599575428597745
110,2,0.0,0.0,0.0,735.156,339.421,0.888011,766.485,337.48,0.868216999999999,778.256,382.597,0.962476,760.585,392.344,0.447,703.809,343.321,0.855193,695.932,384.59,0.921674,723.432,384.446,0.126784999999999,756.749,431.516,0.809658,756.759,492.307,0.882205999999999,758.602,556.968,0.890336999999999,717.515,433.447,0.771083,725.362,494.308,0.880041,729.342,558.888,0.849688,0.0,0.0,0.0,0.0,0.0,0.0,744.889,304.09,0.691724,713.632,306.079,1.03062,-0.048963924391710156,0.38425294621231454,-0.2537388889953128,-0.8047413766037358,-1.4600599579941236,1.7600621607289133
111,2,0.0,0.0,0.0,735.203,339.447,0.883494999999999,766.527,337.52,0.869321999999999,778.273,382.597,0.951367,760.645,394.269,0.510552,703.825,343.357,0.855236,695.957,386.507,0.890536,0.0,0.0,0.0,756.745,431.585,0.805662,756.728,492.301,0.888227,758.61,556.92,0.90849,717.538,433.533,0.762888,725.356,496.205,0.875342,729.326,560.807,0.844638,0.0,0.0,0.0,0.0,0.0,0.0,743.09,302.245,0.625421,713.581,306.084,1.0283,-0.048963924391710156,0.38425294621231454,-0.2537388889953128,-0.8047413766037358,-1.4600599579941236,1.7600621607289133
112,2,0.0,0.0,0.0,733.189,339.391,0.900451,762.668,337.425,0.905660999999999,774.396,382.55,0.963183999999999,756.692,384.5,0.129694,701.875,341.432,0.8725,695.94,386.44,0.924531999999999,715.55,382.49,0.0820619,756.656,433.457,0.787407,756.729,494.182,0.873302999999999,758.619,558.885,0.880458,715.64,435.433,0.772405999999999,725.404,496.215,0.8732000000000001,729.313,560.794,0.859066999999999,0.0,0.0,0.0,0.0,0.0,0.0,743.015,302.218,0.556142999999999,713.556,306.087,1.00411,-0.03822233470791356,0.37245247543423765,-0.325747549745185,-0.8051825356608334,-1.474820511077006,1.7571074908428443
113,2,0.0,0.0,0.0,731.316,337.554,0.916925,762.623,335.589,0.918713999999999,774.403,382.551,0.976441999999999,758.626,384.56,0.157753,701.861,341.434,0.877811999999999,695.958,384.596,0.907876999999999,715.61,382.545,0.0669536,756.648,431.567,0.781571999999999,756.694,494.171,0.864417,758.612,558.894,0.884689,715.616,433.51,0.774610999999999,725.33,498.104,0.8536100000000001,729.29,560.817,0.852572999999999,0.0,0.0,0.0,0.0,0.0,0.0,741.049,302.204,0.62299,711.706,306.161,0.996630999999999,-0.03822233470791356,0.37245247543423765,-0.325747549745185,-0.8051825356608334,-1.474820511077006,1.7571074908428443
114,2,0.0,0.0,0.0,733.226,337.565,0.907424,764.535,337.407,0.906675999999999,774.367,382.568,0.958515999999999,756.754,384.517,0.135814,703.793,341.393,0.871491999999999,696.019,384.56,0.914523,715.661,382.484,0.0655526,754.769,431.588,0.781314,756.709,494.224,0.869487,758.6,558.883,0.890560999999999,715.572,433.526,0.780053999999999,725.334,498.111,0.849397,729.291,560.803,0.848460999999999,0.0,0.0,0.0,0.0,0.0,0.0,742.988,302.193,0.593908,713.547,306.109,0.993143,-0.032394420059020275,0.4037242624105371,-0.29115003987408117,-0.8003507724031366,-1.4752757123397153,1.7563202733197614
115,2,0.0,0.0,0.0,731.246,337.558,0.919411,762.579,335.602,0.921852,774.386,382.565,0.995610999999999,758.614,382.547,0.167286,699.953,341.428,0.874402999999999,695.899,386.493,0.857708999999999,713.703,384.487,0.0664859,750.838,433.438,0.777146,754.767,494.241,0.842725,758.597,558.892,0.881459,713.641,433.517,0.790866,721.485,502.032,0.826077,729.291,562.795,0.831198,0.0,0.0,0.0,0.0,0.0,0.0,741.063,300.231,0.670806999999999,711.554,306.059,1.00243,-0.032394420059020275,0.4037242624105371,-0.29115003987408117,-0.8003507724031366,-1.4752757123397153,1.7563202733197614
116,2,0.0,0.0,0.0,731.328,337.572,0.897683999999999,762.616,337.406,0.920009,774.403,382.569,0.988412,758.619,384.449,0.18515,701.894,343.319,0.860081,695.952,384.532,0.905979,715.558,384.47,0.07739069999999901,750.867,431.596,0.779254,754.759,494.209,0.866560999999999,758.595,558.917,0.880559,713.699,433.49,0.789785,723.418,496.194,0.868675,729.283,560.803,0.859464999999999,0.0,0.0,0.0,0.0,0.0,0.0,741.069,300.228,0.712098999999999,711.595,306.092,0.996813,-0.04030802575365607,0.39285287177050654,-0.3066401530378482,-0.7962491260460357,-1.4691255894478394,1.7554365016359954
117,2,0.0,0.0,0.0,733.19,337.566,0.902767999999999,762.648,337.4,0.909250999999999,774.406,382.581,0.984281,758.617,384.475,0.187313999999999,701.886,341.41,0.868938,695.938,384.588,0.917507,715.585,384.474,0.0925299,752.773,431.597,0.779644,754.786,494.293,0.852224,758.593,560.78,0.870077,713.695,433.48,0.787056,723.422,496.24,0.850912,729.279,560.797,0.860903,0.0,0.0,0.0,0.0,0.0,0.0,743.007,302.134,0.704056,711.68,306.08,1.00548,-0.04030802575365607,0.39285287177050654,-0.3066401530378482,-0.7962491260460357,-1.4691255894478394,1.7554365016359954
118,2,0.0,0.0,0.0,733.238,339.407,0.888651,764.542,337.451,0.889371999999999,774.403,382.571,0.970842,758.584,384.472,0.15894000000000003,703.797,343.322,0.864138,695.991,386.458,0.873193,715.543,382.554,0.0673879,752.817,431.534,0.795258999999999,756.662,494.215,0.868425,758.591,558.893,0.878597,715.548,433.441,0.807384,725.298,496.177,0.872722,729.29,560.826,0.855638999999999,0.0,0.0,0.0,0.0,0.0,0.0,743.049,304.077,0.643791999999999,713.587,306.145,1.01338,-0.03820686471698125,0.39599487849992693,-0.2753157024373365,-0.7993883526292321,-1.4615522172657343,1.7563658297060172
119,2,0.0,0.0,0.0,733.225,339.419,0.894304999999999,764.543,337.461,0.895145,774.412,382.543,0.960430999999999,758.595,382.595,0.161200999999999,701.892,343.334,0.875582,695.934,384.567,0.908793,713.697,382.489,0.0756588,752.789,433.456,0.782822999999999,756.646,494.253,0.857676999999999,758.594,558.895,0.873513,713.716,435.414,0.79285,723.41,498.087,0.852483,729.301,560.808,0.854862999999999,0.0,0.0,0.0,0.0,0.0,0.0,743.047,302.244,0.73479,713.547,306.126,1.02546,-0.058084941874972464,0.36655111339177193,-0.2665439215419927,-0.7961700679435335,-1.4563958637139185,1.7589775573575661
120,2,0.0,0.0,0.0,733.254,339.428,0.891436999999999,764.606,337.5,0.885088,776.366,384.45,0.985981,760.633,388.384,0.353558,701.857,341.433,0.873692999999999,694.04,384.58,0.911033,715.603,384.504,0.123419,754.731,433.448,0.781721999999999,756.649,494.253,0.855849,758.583,558.858,0.887787999999999,713.707,435.402,0.7830900000000001,723.367,498.155,0.8382700000000001,729.31,562.753,0.844378,0.0,0.0,0.0,0.0,0.0,0.0,743.057,302.235,0.693225,713.566,306.111,1.02573,-0.058084941874972464,0.36655111339177193,-0.2665439215419927,-0.7961700679435335,-1.4563958637139185,1.7589775573575661
121,2,0.0,0.0,0.0,733.244,339.428,0.893223999999999,764.602,337.513,0.883185999999999,776.326,384.5,0.986332,758.735,386.479,0.259364,701.859,341.426,0.8720300000000001,695.89,386.479,0.884344999999999,715.597,384.461,0.08678809999999901,754.713,433.433,0.776775,756.648,494.274,0.857217,758.599,556.971,0.908856,713.693,433.52,0.784127999999999,723.374,498.142,0.837758999999999,729.325,560.826,0.8520800000000001,0.0,0.0,0.0,0.0,0.0,0.0,744.922,304.105,0.637035,713.646,306.077,1.02147,-0.21274332272900146,0.23583741341529468,-0.11136533880244967,-0.8012347357259062,-1.4119075195628765,1.7732070854628448
122,2,0.0,0.0,0.0,733.188,339.458,0.890999,764.531,337.557,0.891398999999999,776.234,384.532,0.9629089999999991,758.607,386.428,0.22124000000000002,701.838,341.413,0.876139,694.027,386.435,0.855398,715.563,382.545,0.093885799999999,748.92,435.434,0.768218,756.643,494.259,0.859995,758.598,556.959,0.909826999999999,713.618,439.31,0.783032,721.459,502.054,0.813529,729.252,560.83,0.840020999999999,0.0,0.0,0.0,711.604,306.064,0.0984916,744.959,304.13,0.443119,713.673,304.25,0.995358,-0.21274332272900146,0.23583741341529468,-0.11136533880244967,-0.8012347357259062,-1.4119075195628765,1.7732070854628448
123,2,0.0,0.0,0.0,731.25,339.415,0.914013,762.607,337.51,0.905154999999999,774.36,384.46,0.959866999999999,756.743,382.582,0.141923,699.919,339.51,0.904057999999999,693.974,384.565,0.9037000000000001,713.645,382.53,0.10144,750.826,433.513,0.770315,756.677,494.229,0.869207,758.583,558.883,0.878293,713.636,435.459,0.778741999999999,721.447,500.051,0.818303999999999,729.274,560.825,0.8449800000000001,0.0,0.0,0.0,711.724,306.141,0.053551999999999,744.889,304.122,0.584403999999999,713.616,306.045,1.00487,-0.25628163944947707,0.20019902417437474,-0.057747050167789624,-0.8043363654348463,-1.405669496716559,1.7764406935726778
124,2,0.0,0.0,0.0,733.18,339.401,0.9065900000000001,762.676,337.516,0.885922999999999,776.291,384.47,0.981333,758.659,390.385,0.247528,701.832,339.502,0.877906,693.976,384.529,0.909851,715.647,384.486,0.0996755,754.721,433.445,0.780948,756.65,494.229,0.852023,756.718,558.859,0.876935999999999,713.682,433.508,0.792419,723.385,496.216,0.844066,729.32,560.807,0.847792999999999,0.0,0.0,0.0,0.0,0.0,0.0,744.895,304.061,0.587299,713.554,304.17,1.01005,-0.21919062942014947,0.16603390009034588,-0.2248885759181738,-0.8268687297473719,-1.4142329262614701,1.7770112348756522
125,2,0.0,0.0,0.0,731.338,339.426,0.90195,762.665,337.524,0.891622999999999,776.26,384.454,0.980757,758.641,386.461,0.222028,699.989,341.395,0.8836600000000001,694.065,384.592,0.906457,715.573,384.458,0.0952068,752.798,433.471,0.771884,754.779,494.155,0.8555800000000001,756.713,556.992,0.872756,713.688,433.518,0.7841,723.436,494.291,0.8757300000000001,729.344,560.821,0.845291,0.0,0.0,0.0,0.0,0.0,0.0,744.965,304.125,0.654451999999999,713.675,306.05,1.02867,-0.21919062942014947,0.16603390009034588,-0.2248885759181738,-0.8268687297473719,-1.4142329262614701,1.7770112348756522
126,2,0.0,0.0,0.0,731.218,337.582,0.918566,762.565,337.44,0.894852,776.259,368.818,0.803653,760.575,335.525,0.173013,699.924,343.311,0.894857999999999,694.004,386.466,0.884019,713.65,382.519,0.088349699999999,754.74,431.57,0.787773,756.66,494.151,0.86097,756.742,556.948,0.89417,713.705,435.438,0.791921,723.437,498.118,0.842931,729.331,562.78,0.843955999999999,0.0,0.0,0.0,0.0,0.0,0.0,744.977,302.247,0.763685,713.685,304.17,1.02914,-0.09594507447471054,0.11515330447149195,-0.9914799899389608,-0.8870426041331804,-1.4209906573505977,1.7729827203881332
127,2,0.0,0.0,0.0,731.24,337.531,0.928303999999999,762.579,337.386,0.897694999999999,778.252,370.769,0.871749,756.716,368.843,0.106432,699.938,341.355,0.894614999999999,693.999,386.477,0.889327,715.523,384.525,0.0943571,754.75,431.549,0.789453,756.659,494.185,0.861970999999999,758.572,556.976,0.884058,713.708,435.417,0.787864,725.3,500.047,0.83455,729.366,564.692,0.826378,0.0,0.0,0.0,0.0,0.0,0.0,746.92,302.197,0.911293999999999,715.549,304.052,0.9426200000000001,-0.09594507447471054,0.11515330447149195,-0.9914799899389608,-0.8870426041331804,-1.4209906573505977,1.7729827203881332
128,2,0.0,0.0,0.0,729.397,337.575,0.914573,760.686,339.451,0.896941999999999,774.351,386.527,0.914196,758.603,388.433,0.218035999999999,699.874,337.518,0.922989,690.113,384.445,0.851615999999999,713.646,386.436,0.14158199999999901,746.963,433.51,0.782837999999999,754.72,494.284,0.852341999999999,756.7,556.987,0.913586,711.703,435.445,0.776705,723.369,502.006,0.826183,729.372,566.686,0.851371,760.697,304.227,0.051686199999999,0.0,0.0,0.0,758.666,304.196,0.973518,727.255,302.157,0.5396029999999991,-0.009039001908539084,0.02236463936946302,-1.638423267029165,-0.9427221942613324,-1.360916171315564,1.7706722643119401
129,2,0.0,0.0,0.0,729.319,337.57,0.935824999999999,760.649,339.434,0.895318,774.408,386.408,0.948456,758.635,384.467,0.187043,697.985,337.532,0.930596,690.114,384.429,0.839132,713.707,384.497,0.122669,748.928,433.487,0.761668999999999,756.701,496.142,0.848078999999999,758.579,558.896,0.890076,713.551,437.373,0.767965999999999,725.336,503.959,0.82418,729.312,568.58,0.848333,0.0,0.0,0.0,0.0,0.0,0.0,756.706,304.204,0.874838,725.402,302.228,0.586384999999999,-0.009039001908539084,0.02236463936946302,-1.638423267029165,-0.9427221942613324,-1.360916171315564,1.7706722643119401
130,2,0.0,0.0,0.0,729.268,339.435,0.9256900000000001,760.599,341.361,0.884616,774.33,386.484,0.910723,756.743,384.463,0.165743,697.935,339.399,0.928214,690.087,384.468,0.864371999999999,713.566,384.509,0.137712,748.883,431.586,0.777193999999999,756.71,494.234,0.881632,758.603,558.84,0.8812700000000001,711.744,435.414,0.770826999999999,723.409,502.038,0.819097,731.23,564.748,0.831073,0.0,0.0,0.0,0.0,0.0,0.0,754.747,304.093,0.8738400000000001,725.317,302.188,0.5063,-0.028464162067680866,0.059378991951888525,-1.5834280674100152,-0.9150212911284266,-1.3686295628434966,1.77198140124825
131,2,0.0,0.0,0.0,729.242,339.459,0.919810999999999,760.571,339.475,0.894068,774.343,386.45,0.922200999999999,758.622,382.482,0.158018,697.931,339.473,0.918844999999999,692.075,384.543,0.8453,713.7,384.503,0.113827,748.883,433.489,0.777596,758.625,494.23,0.8965000000000001,758.703,558.844,0.895505,713.536,437.376,0.761222,723.439,503.955,0.828554,729.378,564.707,0.844198999999999,0.0,0.0,0.0,0.0,0.0,0.0,752.799,304.118,0.903335999999999,721.426,302.199,0.565734,-0.028464162067680866,0.059378991951888525,-1.5834280674100152,-0.9150212911284266,-1.3686295628434966,1.77198140124825
132,2,0.0,0.0,0.0,729.328,339.398,0.9258019999999991,760.657,339.449,0.8944000000000001,774.347,384.588,0.949971,758.584,384.484,0.160728999999999,698.021,337.569,0.935203,692.056,384.401,0.870803,713.62,388.419,0.136456,750.817,433.453,0.769933,758.6,494.286,0.8766900000000001,758.653,558.867,0.869271,713.561,435.401,0.781445,723.419,502.0,0.821071999999999,729.347,564.701,0.840325,0.0,0.0,0.0,0.0,0.0,0.0,752.819,304.1,0.904621999999999,717.569,302.183,0.755622,-0.08490105086765459,0.06347383695113748,-1.1717797595490507,-0.8957085296789784,-1.4002123539368105,1.7777430636824372
133,2,0.0,0.0,0.0,729.381,337.566,0.916495,760.723,337.544,0.893618999999999,774.416,384.487,0.9883829999999991,758.612,382.559,0.196819,698.041,339.427,0.916478999999999,692.083,384.44,0.901712,713.688,384.548,0.146850999999999,748.933,433.46,0.777307,756.723,494.206,0.892405,758.731,554.879,0.884556999999999,713.572,435.44,0.783559,723.428,502.028,0.832347,729.319,564.743,0.833484999999999,0.0,0.0,0.0,0.0,0.0,0.0,748.877,304.069,0.889838999999999,715.602,302.24,0.8814500000000001,0.009292227369928284,0.06575408030743776,-0.9363402366029667,-0.9197256838935327,-1.4376885022428882,1.769203136489857
134,2,0.0,0.0,0.0,729.392,337.565,0.921207999999999,760.736,337.537,0.895524,774.402,384.49,0.991861999999999,758.607,382.518,0.16720000000000002,698.042,339.458,0.895571,692.098,384.468,0.875069,713.725,384.505,0.126236,748.933,433.434,0.781486999999999,756.713,494.207,0.894057999999999,758.707,556.851,0.876076,713.553,433.521,0.787543999999999,723.414,500.069,0.831934,729.326,564.709,0.8539300000000001,0.0,0.0,0.0,0.0,0.0,0.0,748.85,302.241,0.810759,715.618,302.183,0.827452,0.009292227369928284,0.06575408030743776,-0.9363402366029667,-0.9197256838935327,-1.4376885022428882,1.769203136489857
135,2,0.0,0.0,0.0,729.372,337.547,0.929454,760.729,337.565,0.896461,774.349,384.492,0.987553999999999,758.608,382.525,0.139732,698.024,337.57,0.911385,690.137,384.463,0.892158,713.647,384.487,0.13328399999999901,748.923,433.434,0.786264,756.691,494.131,0.879574,758.713,554.969,0.872336999999999,713.554,435.405,0.79081,721.489,500.109,0.829001,729.31,564.729,0.836415999999999,0.0,0.0,0.0,0.0,0.0,0.0,746.966,302.139,0.766582,715.658,300.23,0.771573,0.020182385614415797,0.07481695736045335,-0.8642598083905506,-0.9115119259820337,-1.4460031044119313,1.7675754469921119
136,2,0.0,0.0,0.0,729.364,337.553,0.935292999999999,760.722,337.54,0.902837,774.348,384.482,0.9933900000000001,758.649,382.545,0.185969,698.019,339.44,0.903686999999999,690.145,384.47,0.8902200000000001,713.658,384.468,0.123537,748.903,433.438,0.783088,756.762,494.164,0.890143999999999,758.767,556.833,0.878105999999999,713.582,435.431,0.779428,721.477,502.038,0.82369,729.275,566.655,0.836826,0.0,0.0,0.0,0.0,0.0,0.0,746.964,302.174,0.759304,717.557,302.171,0.742238,0.020182385614415797,0.07481695736045335,-0.8642598083905506,-0.9115119259820337,-1.4460031044119313,1.7675754469921119
137,2,0.0,0.0,0.0,729.352,339.403,0.931346999999999,760.735,337.573,0.892803,774.36,384.545,0.957905999999999,758.583,382.52,0.138041,698.002,339.508,0.909914,692.023,384.53,0.875633999999999,713.646,382.583,0.0991126,748.904,433.501,0.777146999999999,756.734,494.207,0.889104,758.696,554.994,0.907930999999999,713.569,437.388,0.770127999999999,721.467,500.074,0.822521,729.256,564.758,0.847275999999999,0.0,0.0,0.0,0.0,0.0,0.0,746.975,302.121,0.780706999999999,715.543,300.277,0.824334999999999,-0.05171741696378406,0.11968109247255124,-0.7731926682519272,-0.8781308523249028,-1.4431024202243743,1.7739584439963718
138,2,0.0,0.0,0.0,729.393,337.573,0.923246999999999,762.563,337.502,0.892666,774.383,384.447,0.9975409999999991,758.619,384.496,0.185798,698.055,339.501,0.898134,692.063,384.544,0.890307,713.695,384.503,0.107364999999999,750.815,433.478,0.777494999999999,758.574,494.296,0.889807999999999,758.687,558.904,0.878738999999999,713.619,437.377,0.773952,723.392,502.0,0.828174,729.285,564.731,0.855636,0.0,0.0,0.0,0.0,0.0,0.0,746.93,302.177,0.833438999999999,713.714,302.172,0.845882999999999,-0.05171741696378406,0.11968109247255124,-0.7731926682519272,-0.8781308523249028,-1.4431024202243743,1.7739584439963718
139,2,0.0,0.0,0.0,729.341,337.551,0.935454999999999,760.731,337.465,0.903088999999999,774.423,384.427,1.00751,758.603,384.515,0.194501999999999,697.98,339.473,0.922507,692.058,384.534,0.882545999999999,713.662,384.523,0.118365,750.814,431.581,0.782121,756.76,494.15,0.891779,758.735,554.936,0.868277,713.587,435.405,0.781957999999999,723.415,500.047,0.841321,729.293,564.714,0.843237,0.0,0.0,0.0,0.0,0.0,0.0,744.974,302.215,0.830139,713.654,304.113,0.969559,-0.11929815420510448,0.1744012047639458,-0.6675187895305991,-0.8575403319609715,-1.4447340804269377,1.7783604593393276
140,2,0.0,0.0,0.0,729.347,337.564,0.935886,760.727,337.469,0.908191,774.375,384.473,0.987657,756.758,386.451,0.163513,698.006,339.498,0.921933,692.077,384.511,0.895069,713.678,384.489,0.105792,750.865,433.436,0.780490999999999,756.728,494.138,0.8916000000000001,758.742,554.909,0.894369,713.611,435.448,0.777369,721.46,498.086,0.852785,729.296,558.898,0.858389,0.0,0.0,0.0,0.0,0.0,0.0,745.003,302.225,0.829436,713.669,304.13,0.971343,-0.11929815420510448,0.1744012047639458,-0.6675187895305991,-0.8575403319609715,-1.4447340804269377,1.7783604593393276
141,2,0.0,0.0,0.0,733.242,337.548,0.91129,764.538,337.479,0.871294,776.359,382.601,0.986402999999999,760.639,390.352,0.359479,701.91,339.478,0.862069,695.911,384.57,0.936066,719.481,384.465,0.0955888,754.799,431.567,0.795454999999999,758.608,494.15,0.890153,758.658,556.848,0.873911999999999,715.593,433.512,0.768708,725.319,498.106,0.852378,729.23,562.788,0.8332200000000001,0.0,0.0,0.0,0.0,0.0,0.0,745.069,300.213,0.782243999999999,715.553,302.146,0.891390999999999,-0.23459601615231906,0.10835159055365193,-0.3659287387268826,-0.9116085329666423,-1.4100241947193453,1.7859397910321446
142,2,0.0,0.0,0.0,745.054,337.576,0.932740999999999,776.351,339.409,0.885369,787.999,382.559,0.884813,764.528,388.422,0.221855,715.585,339.414,0.902744,705.79,384.409,0.877255999999999,727.367,384.458,0.176456,760.587,431.513,0.820264999999999,758.578,494.172,0.889712,754.78,558.871,0.819384999999999,727.226,431.543,0.778467,727.337,494.292,0.912495,731.215,560.842,0.829506,0.0,0.0,0.0,0.0,0.0,0.0,760.666,302.23,0.708112,729.268,302.184,0.951939,-0.23459601615231906,0.10835159055365193,-0.3659287387268826,-0.9116085329666423,-1.4100241947193453,1.7859397910321446
143,2,729.413,306.25,0.159584,760.618,337.556,0.969583,788.11,337.514,0.930954,788.049,382.585,0.399308,0.0,0.0,0.0,737.114,339.429,0.845225999999999,721.452,384.438,0.884443,709.637,384.479,0.5764400000000001,770.396,431.467,0.783022999999999,758.718,492.189,0.926141999999999,756.645,554.953,0.83055,737.129,431.5,0.762605,729.345,494.114,0.949245,741.05,554.986,0.851061,0.0,0.0,0.0,731.259,304.14,0.262175999999999,770.439,304.125,0.228696999999999,741.072,304.166,0.9454100000000001,-0.12707532155794304,0.10974786436330874,0.14483075879911297,-1.0471904114031225,-1.418782859663141,1.7819860644656962
144,2,731.217,310.039,0.237623,764.551,337.389,0.909343,789.94,335.582,0.937927,784.172,382.475,0.153194,0.0,0.0,0.0,743.089,337.454,0.941176999999999,729.375,382.574,0.864325,713.549,382.611,0.757127999999999,774.294,429.521,0.810974,758.727,490.302,0.886340999999999,754.728,554.92,0.785633999999999,742.95,429.553,0.807987,729.38,492.171,0.908119,739.04,556.844,0.852781,0.0,0.0,0.0,731.28,306.04,0.343585,772.344,304.095,0.157682,742.953,304.196,0.945550999999999,0.03329227227769954,-0.02099290850906885,0.7291617518469024,-1.0108799322296214,-1.442452884335731,1.7668832772659746
145,2,729.28,313.93,0.633807999999999,762.576,335.399,0.891312999999999,776.292,333.516,0.820306,772.415,378.612,0.142382999999999,727.318,380.571,0.105352999999999,748.897,335.485,0.876641999999999,742.961,382.506,0.867563,713.689,386.498,0.803902999999999,774.334,427.615,0.735277,758.632,492.271,0.786459,758.618,558.856,0.714260999999999,752.829,429.552,0.7650300000000001,745.025,494.125,0.836874,760.576,564.712,0.740609,0.0,0.0,0.0,729.301,306.099,0.7477900000000001,0.0,0.0,0.0,742.941,304.159,0.930817999999999,0.03329227227769954,-0.02099290850906885,0.7291617518469024,-1.0108799322296214,-1.442452884335731,1.7668832772659746
146,2,741.071,313.993,0.877127999999999,762.573,341.357,0.8085300000000001,754.767,339.491,0.788894,746.984,384.553,0.383656,727.287,396.258,0.471526,774.353,341.37,0.885666,774.413,390.375,0.819522,731.305,398.238,0.87726,756.706,437.37,0.692844999999999,756.701,500.064,0.759425999999999,756.682,556.863,0.8370500000000001,770.414,439.329,0.767386999999999,772.376,505.945,0.810144,776.326,572.624,0.871807999999999,735.203,306.117,0.785082,744.984,306.116,0.968244999999999,0.0,0.0,0.0,764.605,304.229,0.9024800000000001,-0.1825431042652498,0.04395197608934575,1.8794281758718696,-0.684917404595056,-1.0490426732305136,1.7765335980974486
147,1,756.745,312.003,0.8795900000000001,760.736,343.374,0.874193999999999,735.15,339.49,0.853938,725.397,382.5,0.756752,717.587,394.293,0.601019,791.93,347.282,0.879251,799.805,396.212,0.869406999999999,760.619,402.174,0.915288999999999,741.068,433.448,0.760054999999999,729.344,502.025,0.828769,727.306,572.632,0.91102,776.268,435.407,0.79508,774.436,509.819,0.912686,776.304,584.35,0.896319,746.961,306.048,0.968387,760.713,306.043,0.960754,742.99,304.259,0.367758,776.256,306.064,0.913612,-0.1825431042652498,0.04395197608934575,1.8794281758718696,-0.684917404595056,-1.0490426732305136,1.7765335980974486
148,1,725.332,317.819,0.899285,735.165,345.324,0.842571,701.886,345.318,0.847001999999999,684.246,392.352,0.752401,694.065,398.157,0.856001999999999,766.534,345.269,0.813713999999999,778.298,386.461,0.878745999999999,758.732,402.093,0.916095,713.611,443.244,0.794535,713.727,511.823,0.825577999999999,717.544,584.337,0.7815500000000001,756.646,443.208,0.741815999999999,758.695,509.924,0.829943,760.613,586.343,0.840337999999999,715.542,306.205,0.975444,729.294,306.142,0.9700979999999991,711.589,306.094,0.0938744,744.974,304.226,0.908615,-0.04176086775724584,-0.04294891002519399,2.050442972077252,-0.34300029570496565,-1.0270729354603358,1.776098529463287
149,1,709.691,313.971,0.886126,715.608,343.388,0.867679,682.345,349.15,0.897496,676.409,398.267,0.866371999999999,703.81,400.238,0.730194,748.916,339.508,0.826892,762.683,384.56,0.875826999999999,745.04,400.243,0.905744,701.87,447.121,0.760722,711.723,515.764,0.746055999999999,717.559,588.214,0.690103999999999,744.948,445.174,0.793623,745.0,517.738,0.749485,744.934,594.121,0.729108,699.868,306.105,0.985042,713.655,306.052,0.972217,695.876,304.252,0.445378,729.21,304.159,0.925767999999999,-0.04176086775724584,-0.04294891002519399,2.050442972077252,-0.34300029570496565,-1.0270729354603358,1.776098529463287
150,1,727.405,310.032,0.918948,740.972,351.136,0.900096,699.974,351.075,0.882903,684.293,394.257,0.831647999999999,705.817,417.809,0.842241999999999,774.346,351.207,0.92517,790.005,400.09,0.947508999999999,760.703,415.946,0.876705,713.652,451.091,0.749128999999999,713.651,521.591,0.764072,715.575,588.243,0.715152999999999,758.753,451.085,0.7739,758.664,525.556,0.7710800000000001,756.729,601.87,0.753348999999999,723.365,304.222,0.937064999999999,735.149,304.181,0.901444999999999,713.656,306.027,0.196296,752.764,306.053,0.884319,-0.3008198948070152,-0.051424402134513464,2.020056726425812,-0.05784537874936355,-0.6722359409211545,1.7766193969929347
151,1,733.255,317.874,0.881842,745.013,359.009,0.897834999999999,707.741,357.041,0.848866,684.305,411.902,0.865329,701.899,445.276,0.888295,788.065,360.979,0.817087999999999,805.71,411.954,0.891755,790.074,431.455,0.829711,717.511,484.436,0.690523999999999,719.486,574.517,0.689994,709.729,654.853,0.228807999999999,766.541,486.377,0.672373999999999,758.686,578.431,0.679817999999999,745.011,654.862,0.225013,727.357,306.173,1.00007,743.101,306.102,0.996560999999999,719.478,308.129,0.195345,760.707,306.135,0.916389,-0.21898013920611367,-0.15196377198499966,1.9365586371842363,0.45035607778921544,-0.26206507685643066,1.7709003215901962
152,1,723.449,317.812,0.8997,733.262,355.117,0.856441,693.969,357.061,0.8366100000000001,678.294,417.815,0.8579869999999991,711.686,449.135,0.910391,776.404,353.237,0.870687,801.804,413.861,0.815427999999999,789.997,447.148,0.614046,713.571,492.249,0.728920999999999,715.633,588.244,0.721125,709.728,678.373,0.235144,768.513,490.252,0.669003,772.386,588.216,0.662361,758.719,672.501,0.266501,713.537,306.146,0.997498999999999,729.318,304.192,0.962785999999999,703.829,306.222,0.287138,747.004,302.213,0.855402,-0.21898013920611367,-0.15196377198499966,1.9365586371842363,0.45035607778921544,-0.26206507685643066,1.7709003215901962
153,1,760.713,321.803,0.969646999999999,782.229,366.762,0.860238,737.115,364.832,0.83245,713.537,425.607,0.874115,737.121,460.921,0.889201999999999,829.224,366.85,0.828185,852.796,429.58,0.875722999999999,835.101,449.169,0.787269,746.951,502.05,0.638100999999999,743.06,598.034,0.372488,729.326,680.276,0.0687496,807.717,501.998,0.666107,839.019,570.561,0.385677,805.721,607.849,0.0651747,756.648,311.996,0.869398,774.279,308.124,0.944913,0.0,0.0,0.0,797.881,304.207,0.895764,0.06038115679848897,0.04855786031615612,2.2481974333133965,0.7303228971136423,0.19686337159865824,1.7556336326041053
154,1,793.98,335.499,0.916621999999999,791.897,368.778,0.932616999999999,742.919,366.845,0.867070999999999,713.707,429.551,0.899281,743.096,462.921,0.902473,839.086,368.912,0.855198999999999,860.551,431.587,0.810485,839.033,460.798,0.833920999999999,754.791,509.85,0.659157,745.006,611.762,0.403397,729.336,686.227,0.0610365,817.413,509.921,0.629247,809.619,611.765,0.302276999999999,0.0,0.0,0.0,788.054,321.799,0.935866,805.791,321.88,0.944371,770.411,315.891,0.804501999999999,821.411,317.904,0.6825,0.06038115679848897,0.04855786031615612,2.2481974333133965,0.7303228971136423,0.19686337159865824,1.7556336326041053
155,1,735.161,339.399,0.892795999999999,744.923,374.72,0.880562,693.967,378.573,0.784353,666.716,447.131,0.890027999999999,711.702,488.297,0.885880999999999,797.837,372.767,0.801867999999999,821.412,437.392,0.843384999999999,811.561,472.66,0.754220999999999,713.634,525.559,0.695836,715.58,615.649,0.221060999999999,0.0,0.0,0.0,786.115,523.524,0.6315769999999991,784.173,613.73,0.153603,0.0,0.0,0.0,725.389,325.749,0.884444999999999,745.03,327.641,0.904859,711.704,319.871,0.410180999999999,770.463,319.886,0.900434,0.1833752332469245,-0.005565530211436667,1.9564448780290022,1.1478934151195257,0.20878185655710566,1.740207682781903
156,1,682.389,347.212,0.844055999999999,713.54,376.619,0.867576999999999,656.823,380.566,0.775509,635.332,449.208,0.834347,674.411,500.062,0.786781,766.534,370.805,0.797294,790.11,431.48,0.819171,790.013,468.751,0.82901,682.226,537.255,0.635730999999999,680.311,635.241,0.156168,0.0,0.0,0.0,754.789,529.467,0.573699,746.926,637.195,0.106782999999999,0.0,0.0,0.0,678.277,333.549,0.767008999999999,696.031,333.536,0.908463999999999,0.0,0.0,0.0,727.386,317.913,0.944782,0.1833752332469245,-0.005565530211436667,1.9564448780290022,1.1478934151195257,0.20878185655710566,1.740207682781903
157,1,745.05,345.297,0.857026,729.219,372.772,0.883744,674.473,376.656,0.77432,641.175,441.259,0.798877,662.603,486.332,0.849042,784.118,370.847,0.814500999999999,805.595,437.381,0.798087999999999,797.879,470.665,0.716144999999999,697.931,527.555,0.649498,701.884,635.273,0.172919,0.0,0.0,0.0,770.426,525.539,0.62268,776.293,629.385,0.134851,0.0,0.0,0.0,731.336,333.589,0.867325,758.597,331.624,0.880892,709.68,321.816,0.893394999999999,762.638,317.88,0.074242599999999,0.22393412838047994,-0.011456000535453337,2.451833340298938,1.1877619718252084,0.28865160288322034,1.7328174742329476
158,0,695.914,351.118,0.922933999999999,699.928,376.638,0.8529100000000001,648.983,378.637,0.816479,601.9,433.543,0.846722,570.65,480.544,0.873904,756.691,372.761,0.8185,776.231,445.208,0.804591,778.351,470.708,0.796092999999999,674.419,541.204,0.598509,678.383,648.941,0.131968,0.0,0.0,0.0,743.056,539.23,0.582527,741.039,648.933,0.101025999999999,0.0,0.0,0.0,682.213,335.56,0.9375,707.77,335.559,0.900405,666.601,319.758,0.49254000000000003,727.409,321.843,0.851159,0.22393412838047994,-0.011456000535453337,2.451833340298938,1.1877619718252084,0.28865160288322034,1.7328174742329476
159,0,654.829,366.774,0.835005,666.666,380.594,0.871441999999999,617.565,392.326,0.754255999999999,568.626,458.956,0.837371,527.468,525.514,0.882212,723.406,368.744,0.832125999999999,744.977,429.503,0.781462,760.681,464.867,0.849003,654.854,554.967,0.595183,0.0,0.0,0.0,0.0,0.0,0.0,727.319,543.17,0.562634,0.0,0.0,0.0,0.0,0.0,0.0,644.998,353.076,0.810597999999999,666.604,351.233,0.880602,631.269,337.408,0.314725,694.008,335.486,0.901080999999999,0.36231942757500757,-0.05131524547099644,2.469452520713159,1.4222757733847864,0.319011906197297,1.6974072251015355
160,0,695.904,353.132,0.873077999999999,664.565,380.602,0.879527,615.604,388.419,0.730999,568.677,464.784,0.8274600000000001,533.385,539.174,0.83769,713.621,368.798,0.889714999999999,739.115,437.368,0.734356999999999,756.692,464.879,0.780277999999999,650.915,558.896,0.612126,652.875,678.318,0.0547424,0.0,0.0,0.0,719.527,549.072,0.521789,727.351,662.672,0.052249699999999004,0.0,0.0,0.0,680.341,343.338,0.806022999999999,697.998,337.515,0.771517999999999,648.874,335.441,0.887332999999999,0.0,0.0,0.0,0.20214429238186318,-0.10416321475817417,-1.7930778364991098,1.2788459238890226,0.3190142558903707,1.7324445231137506
161,0,703.793,351.188,0.851735999999999,664.67,376.685,0.894013,615.704,382.554,0.793512,562.792,462.844,0.647521,572.588,456.986,0.761129,713.646,368.849,0.892776,737.126,437.416,0.760583999999999,752.809,466.786,0.776250999999999,649.029,558.859,0.637775,0.0,0.0,0.0,0.0,0.0,0.0,713.686,551.041,0.578503,0.0,0.0,0.0,0.0,0.0,0.0,694.065,337.52,0.916038999999999,711.605,337.375,0.742163999999999,660.688,323.755,0.849816,0.0,0.0,0.0,0.20214429238186318,-0.10416321475817417,-1.7930778364991098,1.2788459238890226,0.3190142558903707,1.7324445231137506
162,0,760.626,337.515,0.921198,709.734,378.624,0.843685999999999,668.596,380.54,0.768412,686.158,474.56,0.776856,772.38,529.449,0.822881,745.045,374.716,0.802771,766.532,449.164,0.711206999999999,793.972,460.978,0.7356800000000001,692.031,562.767,0.572653,705.8,666.605,0.159774,0.0,0.0,0.0,733.236,554.932,0.612012999999999,752.787,650.897,0.162248,0.0,0.0,0.0,756.643,323.789,0.885612,762.615,325.7,0.278416,713.64,319.849,0.970976,0.0,0.0,0.0,-0.1289872270423704,0.03989123650008189,-2.7335065045605,0.921898499206247,0.45611319000870376,1.7683830309113162
163,0,870.309,321.824,0.893104999999999,807.651,374.714,0.837688,786.117,376.614,0.768162999999999,788.02,462.832,0.807367,870.421,492.189,0.903183,833.131,374.716,0.706912,840.983,460.944,0.544481,889.906,462.84,0.681862,795.922,550.987,0.584098999999999,795.929,660.719,0.350664,0.0,0.0,0.0,829.236,547.073,0.577213,833.141,652.883,0.254291999999999,0.0,0.0,0.0,864.431,308.121,0.872614999999999,0.0,0.0,0.0,825.313,312.024,0.883738999999999,0.0,0.0,0.0,-0.1289872270423704,0.03989123650008189,-2.7335065045605,0.921898499206247,0.45611319000870376,1.7683830309113162
164,1,7.45,337.516,0.363363999999999,935.041,384.488,0.663254,931.071,392.291,0.700256,989.864,437.376,0.6133200000000001,1011.51,355.127,0.836611,944.813,380.509,0.405831,974.169,470.696,0.222283999999999,1015.33,476.558,0.726548,946.793,570.592,0.554802999999999,962.477,692.056,0.418354,0.0,0.0,0.0,952.642,564.732,0.354950999999999,956.552,680.323,0.235940999999999,0.0,0.0,0.0,999.696,331.607,0.5573100000000001,0.0,0.0,0.0,968.345,329.621,0.810426,0.0,0.0,0.0,-0.07530279671427814,-0.15976478972484218,-2.0298046229400173,0.6895402522464871,1.091303129476876,1.7543795369035091
165,1,66.21,347.306,0.174051999999999,1107.38,394.278,0.586021,1105.42,394.303,0.651347999999999,1197.55,415.916,0.83245,1183.8,333.536,0.853097999999999,0.0,0.0,0.0,0.0,0.0,0.0,0.0,0.0,0.0,1113.31,592.14,0.473035999999999,1107.4,715.634,0.239682999999999,0.0,0.0,0.0,1134.79,586.31,0.368899,1152.46,715.622,0.230727,0.0,0.0,0.0,1164.21,333.576,0.294591,0.0,0.0,0.0,1144.64,335.451,0.854443,0.0,0.0,0.0,-0.07530279671427814,-0.15976478972484218,-2.0298046229400173,0.6895402522464871,1.091303129476876,1.7543795369035091
