,0,1,2,3,4,5,6,7,8,9,10,11,12,13,14,15,16,17,18,19,20,21,22,23,24,25,26,27,28,29,30,31,32,33,34,35,36,37,38,39,40,41,42,43,44,45,46,47,48,49,50,51,52,53,54
9,1,89.79,308.072,0.921473999999999,1140.73,364.864,0.657944,1134.79,357.041,0.547725999999999,1119.11,437.414,0.165632,1074.06,443.205,0.731171,1146.57,366.901,0.7636200000000001,1152.54,453.044,0.867505,1087.82,507.806,0.9016149999999991,1117.17,525.576,0.48427299999999907,1091.74,645.074,0.676453,1089.75,715.659,0.18573,1134.77,531.407,0.612269,1107.45,647.01,0.647436999999999,1199.49,715.651,0.10793799999999901,1101.48,304.045,0.11184000000000001,1101.53,302.223,0.871988,0.0,0.0,0.0,1132.88,306.154,0.866095
10,1,17.31,306.093,0.882134,1066.29,353.121,0.702172,1058.41,351.155,0.628765999999999,1052.57,411.899,0.232369,1013.39,413.941,0.819492999999999,1072.08,357.08,0.757861,1085.84,445.189,0.87453,1032.96,502.052,0.800852,1060.41,513.767,0.431625,1011.44,627.426,0.32597000000000004,0.0,0.0,0.0,1074.09,519.636,0.63897,1076.03,623.479,0.648539,1087.79,715.653,0.252249,1023.19,302.165,0.058265399999999,1025.18,296.299,0.848977,0.0,0.0,0.0,1056.5,300.274,0.825148999999999
11,1,946.72,317.85,0.890667999999999,995.688,360.964,0.747591,1001.6,353.19,0.567753,980.094,413.884,0.266517,944.746,415.755,0.776058999999999,989.89,368.804,0.788627,1009.43,447.278,0.8741200000000001,972.207,511.801,0.842673999999999,1021.21,511.806,0.567346999999999,1027.06,617.529,0.808164,1072.18,715.625,0.510668,995.713,519.636,0.652034999999999,952.645,613.715,0.435361,921.292,680.283,0.124955,0.0,0.0,0.0,948.828,306.138,0.858536,0.0,0.0,0.0,978.074,308.093,0.866332999999999
12,1,870.459,308.077,0.934118,925.205,353.086,0.78283,933.054,349.147,0.555041999999999,903.652,407.987,0.239045999999999,870.307,404.075,0.624737,915.473,362.939,0.820781,927.116,445.121,0.852198999999999,886.019,503.944,0.919647,931.114,494.208,0.518332,915.316,590.18,0.532494,948.817,664.557,0.761092,917.394,498.144,0.704905999999999,901.777,592.167,0.584311999999999,915.35,694.017,0.528073,0.0,0.0,0.0,882.087,302.221,0.874035999999999,0.0,0.0,0.0,905.648,304.195,0.877165
13,1,807.734,319.767,0.968476,858.637,353.104,0.757702,866.438,349.209,0.5609700000000001,839.1,429.465,0.112548,809.619,417.777,0.338844,854.65,360.955,0.795810999999999,854.789,441.306,0.821882999999999,819.365,492.21,0.8795200000000001,844.881,494.198,0.594496999999999,819.344,588.316,0.702467,821.343,678.37,0.229355,864.471,494.291,0.6902,870.291,588.323,0.770783,909.506,688.164,0.583263,809.579,306.134,0.117206999999999,817.424,306.243,0.879537999999999,0.0,0.0,0.0,839.101,306.166,0.909187
14,1,743.073,315.939,0.908806999999999,791.918,349.184,0.765803999999999,799.826,341.414,0.599681,774.346,404.075,0.151695,733.243,413.873,0.583398,786.115,353.082,0.816905,788.091,425.635,0.825017999999999,760.652,488.329,0.853066,790.045,478.474,0.475257999999999,768.458,572.647,0.518328,797.865,654.864,0.221553,786.107,482.445,0.696676,778.299,574.557,0.810201,856.673,646.954,0.594162,0.0,0.0,0.0,746.918,306.085,0.909082,0.0,0.0,0.0,774.295,304.191,0.941773
15,1,684.259,313.989,0.861452999999999,737.09,341.422,0.770003999999999,744.993,337.504,0.7217600000000001,717.576,400.156,0.221301,684.29,400.225,0.6246200000000001,727.353,349.179,0.857891,729.322,417.823,0.893254999999999,711.691,478.523,0.943585,750.846,476.508,0.578778999999999,748.87,572.57,0.600295999999999,754.755,650.979,0.162124,729.314,478.548,0.659306,725.396,572.615,0.585596999999999,729.269,660.731,0.134831,0.0,0.0,0.0,692.032,304.251,0.881686,0.0,0.0,0.0,711.688,304.143,0.945608
16,1,619.634,319.79,0.940647,668.572,351.163,0.84823,684.273,349.177,0.735472999999999,680.324,415.846,0.115201,0.0,0.0,0.0,652.924,353.161,0.854111,662.665,429.531,0.850059,641.153,488.306,0.881479,690.15,476.573,0.681894999999999,694.007,560.782,0.765042,741.055,629.36,0.361311999999999,664.717,478.587,0.718116,648.971,570.555,0.583383,664.643,654.867,0.120145999999999,0.0,0.0,0.0,621.605,308.085,0.874193,0.0,0.0,0.0,643.086,306.194,0.864105
17,1,560.864,306.134,0.814041,613.714,337.482,0.861896999999999,635.192,335.561,0.838702,649.025,398.234,0.378749,0.0,0.0,0.0,588.346,339.435,0.853623999999999,586.198,411.947,0.847518,556.853,462.771,0.935739,623.504,460.82,0.675122,601.916,539.309,0.655848,594.122,605.891,0.122334,598.049,460.844,0.705571,584.291,541.226,0.703749,570.631,611.758,0.11134000000000001,0.0,0.0,0.0,566.704,300.269,0.775185999999999,0.0,0.0,0.0,584.347,300.271,0.831185
18,1,527.491,313.976,0.478054,570.651,341.363,0.872000999999999,599.964,339.464,0.838869,613.699,404.065,0.720443,598.007,443.281,0.344964,543.172,341.439,0.806275,527.527,413.904,0.875261,502.002,462.782,0.871153,586.205,460.892,0.710932,541.25,543.215,0.439851999999999,527.534,576.555,0.0703207,553.013,460.864,0.720198,556.963,549.053,0.541412999999999,547.091,631.317,0.163985,0.0,0.0,0.0,527.544,306.096,0.601263,572.494,304.088,0.104781,541.243,306.095,0.885956
19,1,494.129,306.091,0.492479,533.348,337.452,0.878753,558.863,337.446,0.908694,570.545,398.168,0.684792,0.0,0.0,0.0,507.798,337.423,0.898457,494.138,402.13,0.889494,466.738,449.199,0.866026,545.149,458.878,0.72345,523.566,543.18,0.637541999999999,509.829,617.573,0.199094,509.84,456.985,0.710104,500.107,543.153,0.612313,492.225,619.594,0.209068999999999,0.0,0.0,0.0,494.202,302.13,0.502483,537.231,302.111,0.122635,507.824,300.277,0.841545
20,1,462.857,308.049,0.777061,503.976,335.441,0.892133,527.475,333.562,0.892844,537.332,388.43,0.543709,0.0,0.0,0.0,476.611,335.458,0.913665,464.848,400.144,0.868900999999999,445.308,447.129,0.932901,521.651,445.232,0.759852,509.879,529.441,0.777351999999999,505.939,609.794,0.480425,480.534,447.157,0.705715,458.904,527.517,0.694801999999999,443.293,603.922,0.340128,462.906,304.068,0.0984806,462.942,304.144,0.775839,505.925,298.291,0.060298599999999,476.625,302.195,0.802774
21,1,429.449,313.927,0.545621999999999,464.801,337.442,0.942183,494.155,335.479,0.960027,507.88,386.491,0.834005,474.623,402.118,0.060473,443.189,339.438,0.817345,429.584,400.259,0.893787999999999,415.753,449.132,0.9458500000000001,490.219,441.269,0.755732,480.54,511.8,0.855313,505.902,590.218,0.677893,447.281,443.287,0.702284,431.502,513.795,0.803659,427.575,582.329,0.717615,0.0,0.0,0.0,429.491,306.122,0.644509,464.825,300.206,0.088612299999999,437.428,304.228,0.812407999999999
22,1,396.191,306.136,0.621804999999999,435.391,333.476,0.852746999999999,462.83,325.687,0.910439,474.571,382.478,0.8184100000000001,445.245,390.418,0.060943199999999004,411.916,335.52,0.87321,400.251,398.129,0.882479,382.514,441.331,0.868817,454.991,431.595,0.745201,447.22,507.888,0.755054,458.904,576.506,0.492631999999999,417.841,435.406,0.714236,415.892,509.909,0.775058999999999,425.601,582.367,0.651469,0.0,0.0,0.0,396.244,302.21,0.646991,433.527,290.498,0.075256499999999,406.069,302.122,0.779867
23,1,378.635,308.148,0.817913999999999,415.878,333.54,0.928678999999999,441.281,325.751,0.829060999999999,449.172,376.682,0.649017,0.0,0.0,0.0,398.131,335.541,0.877338,388.395,394.267,0.785037,366.755,433.499,0.882865,433.517,429.582,0.7725400000000001,415.859,505.904,0.569427,415.791,576.48,0.272326,404.116,431.482,0.720488999999999,400.099,507.873,0.690569,413.837,582.326,0.318699,374.688,304.157,0.0839906,382.423,304.183,0.886942999999999,0.0,0.0,0.0,398.143,302.154,0.834491
24,1,355.19,306.103,0.771216,400.187,333.507,0.895200999999999,415.89,325.737,0.785338,427.555,376.66,0.111924,0.0,0.0,0.0,384.485,335.558,0.876715999999999,380.5,388.455,0.782293,362.91,429.623,0.858238,413.915,421.739,0.704311,406.034,500.096,0.494311,415.807,572.611,0.412998,392.328,427.586,0.737892,382.584,500.065,0.650915999999999,415.878,576.476,0.371981,0.0,0.0,0.0,359.027,302.2,0.736753,0.0,0.0,0.0,372.76,302.183,0.786991999999999
25,1,343.337,306.103,0.797033999999999,382.573,323.78,0.874293,396.202,321.733,0.831550999999999,364.923,366.913,0.257312,347.278,370.831,0.638261,368.893,329.633,0.857395999999999,370.826,380.518,0.828768,353.154,415.79,0.976248999999999,396.262,417.775,0.698442999999999,386.429,486.375,0.610758,384.557,552.941,0.172868,380.501,417.854,0.678713999999999,364.858,484.398,0.621313,355.143,549.048,0.172517,0.0,0.0,0.0,345.328,302.158,0.762320999999999,0.0,0.0,0.0,360.986,298.322,0.800157999999999
26,1,335.568,308.062,0.635610999999999,370.76,321.821,0.851061,380.538,319.878,0.810372,360.979,364.886,0.267476999999999,335.581,368.853,0.668299,366.799,325.677,0.842727999999999,364.915,380.509,0.900458,353.064,419.79,0.888505,382.577,413.803,0.707425,380.574,478.479,0.6926300000000001,382.55,539.274,0.14326,368.853,413.939,0.802184999999999,362.933,478.569,0.70099,353.136,549.04,0.212673,0.0,0.0,0.0,335.545,304.141,0.663183,366.804,288.575,0.0645466,349.171,298.268,0.772438
27,1,331.623,306.183,0.809126999999999,366.935,323.81,0.825944999999999,374.721,321.786,0.782175,355.146,366.884,0.209088,0.0,0.0,0.0,362.894,329.66,0.822523,362.971,382.444,0.891467,353.101,425.581,0.877355,376.647,413.932,0.680755,374.714,480.508,0.457142999999999,376.659,549.063,0.0977461,364.842,415.882,0.726907,353.167,486.367,0.48256000000000004,351.169,554.91,0.198291,0.0,0.0,0.0,333.575,302.235,0.828942,0.0,0.0,0.0,349.191,300.222,0.823183
28,1,333.492,312.032,0.617068,368.73,323.812,0.804875999999999,374.676,321.809,0.755881999999999,355.102,366.844,0.189653,0.0,0.0,0.0,364.837,329.606,0.820035,366.764,382.449,0.938425,353.105,423.695,0.882413,376.618,415.855,0.598700999999999,368.852,480.469,0.330184,362.943,527.542,0.058593099999999,360.962,417.792,0.699272999999999,351.143,488.295,0.43586,349.185,554.934,0.185026,0.0,0.0,0.0,333.497,306.074,0.694259,0.0,0.0,0.0,343.33,302.242,0.826253999999999
29,2,331.537,313.944,0.668854,366.898,327.678,0.813782,370.81,321.884,0.753796999999999,355.072,362.961,0.211290999999999,331.557,370.794,0.473865999999999,364.818,333.512,0.843063,366.827,382.519,0.945166,353.092,423.664,0.891887,374.687,415.851,0.581251,374.668,482.473,0.359885,380.514,552.957,0.0903581,364.905,417.805,0.756073,357.048,490.233,0.546777,353.151,554.968,0.202692999999999,0.0,0.0,0.0,331.595,306.093,0.751796999999999,0.0,0.0,0.0,343.345,304.118,0.832033999999999
30,2,331.547,308.107,0.655575,368.749,325.764,0.817718,374.678,321.858,0.749316,353.252,357.079,0.128761,0.0,0.0,0.0,364.875,333.496,0.846502,366.861,382.475,0.934781,353.117,423.639,0.881463,378.568,415.885,0.628088,376.636,484.409,0.382596999999999,380.573,551.015,0.0931356,364.856,417.82,0.7276859999999991,353.212,490.277,0.517139,353.114,554.964,0.189321,0.0,0.0,0.0,331.555,304.166,0.703631999999999,0.0,0.0,0.0,339.492,302.206,0.81403
31,2,331.584,308.084,0.483241,366.93,325.743,0.813238,370.795,321.844,0.724631999999999,353.106,355.18,0.164468,0.0,0.0,0.0,364.922,331.601,0.847402999999999,366.884,382.545,0.955666999999999,353.165,425.585,0.867076,368.797,417.798,0.556408999999999,368.811,484.386,0.280506,378.558,552.957,0.058092599999999,359.046,419.781,0.693471,349.236,490.287,0.42093,351.144,556.855,0.185165,0.0,0.0,0.0,331.548,304.143,0.548241,0.0,0.0,0.0,339.421,302.199,0.8545400000000001
32,2,331.573,315.867,0.627817,366.887,325.742,0.802802999999999,368.861,321.848,0.733402,353.114,360.991,0.174827999999999,0.0,0.0,0.0,364.883,331.595,0.8344400000000001,366.912,382.448,0.9299900000000001,353.254,425.659,0.8621500000000001,357.055,417.824,0.521179,362.907,480.466,0.283308,353.152,549.06,0.091230899999999,353.125,419.79,0.730112,335.522,486.341,0.410041999999999,339.443,554.928,0.189973,0.0,0.0,0.0,333.486,306.124,0.717048,0.0,0.0,0.0,345.322,304.13,0.8550700000000001
33,2,333.572,313.96,0.681516,366.89,323.834,0.793361,368.838,321.837,0.709944999999999,353.121,368.814,0.152421,0.0,0.0,0.0,364.93,329.633,0.8455400000000001,366.858,382.45,0.926551999999999,353.143,425.619,0.929441,360.976,417.787,0.5672900000000001,366.833,478.587,0.310988999999999,362.918,549.022,0.075984,355.106,417.86,0.736212,337.5,484.394,0.387023,343.364,554.912,0.160551,0.0,0.0,0.0,335.412,306.111,0.758544,0.0,0.0,0.0,345.329,304.127,0.868952
34,2,331.625,315.938,0.691391,366.883,323.818,0.805643,370.802,321.801,0.7570300000000001,359.02,366.856,0.114647,0.0,0.0,0.0,364.818,329.609,0.834005999999999,366.842,382.446,0.929008,353.133,421.685,0.885181999999999,372.733,415.809,0.611147,372.713,478.597,0.473242,374.671,550.99,0.0949718,362.942,415.89,0.752366,355.118,482.452,0.531623,353.115,552.996,0.181416,0.0,0.0,0.0,333.498,306.172,0.764096999999999,0.0,0.0,0.0,345.283,304.178,0.861447
35,2,331.549,315.921,0.680570999999999,366.895,323.81,0.807087,370.808,321.792,0.758913,357.046,368.85,0.149007,0.0,0.0,0.0,364.837,329.619,0.824665,366.776,382.463,0.918887999999999,353.077,423.639,0.864618999999999,366.894,415.852,0.632267,368.799,478.533,0.415201,364.883,527.514,0.11068599999999901,355.121,415.901,0.737923999999999,351.166,480.531,0.539026999999999,349.22,549.065,0.234961,0.0,0.0,0.0,331.579,306.163,0.745381,0.0,0.0,0.0,341.406,304.144,0.848098999999999
36,2,331.618,315.935,0.6388600000000001,368.752,325.706,0.820253999999999,374.723,321.818,0.785798,378.557,370.778,0.153315999999999,0.0,0.0,0.0,362.964,331.581,0.825384,366.742,382.553,0.945592,353.119,425.642,0.902373,376.65,415.776,0.665176,372.745,480.532,0.432791999999999,372.738,551.011,0.085659699999999,360.975,415.883,0.706684,351.172,484.406,0.477882,351.169,554.938,0.156617,0.0,0.0,0.0,331.617,306.173,0.701444,0.0,0.0,0.0,343.374,304.146,0.826032
37,2,333.503,317.878,0.669491,366.937,325.709,0.836365999999999,374.703,321.807,0.799113,357.078,364.919,0.185748,0.0,0.0,0.0,361.004,333.47,0.835129,366.743,382.497,0.9518800000000001,353.115,421.742,0.892633,380.548,413.92,0.6723600000000001,376.662,480.531,0.458767999999999,376.656,552.971,0.10002000000000001,366.796,415.896,0.759853999999999,355.126,486.342,0.547302,353.125,556.852,0.185936,0.0,0.0,0.0,333.508,308.059,0.701792,0.0,0.0,0.0,343.376,304.169,0.831337
38,2,333.574,319.76,0.713841,368.772,325.726,0.832643999999999,376.645,321.811,0.803569,353.227,359.054,0.180764999999999,0.0,0.0,0.0,362.926,331.613,0.832090999999999,364.888,382.586,0.962877,353.078,425.605,0.880807,380.522,415.849,0.641702,372.771,486.383,0.375805,374.677,558.842,0.0817927,362.962,417.828,0.702125,351.196,490.296,0.483853,351.174,558.863,0.169133999999999,0.0,0.0,0.0,333.554,308.134,0.710386,0.0,0.0,0.0,345.269,304.223,0.8216100000000001
39,2,333.517,319.77,0.671748999999999,368.74,323.817,0.812199,374.682,321.783,0.767574,355.065,362.967,0.17763299999999901,0.0,0.0,0.0,362.958,329.662,0.831391999999999,364.842,382.419,0.911194,353.106,423.657,0.884498999999999,378.612,413.92,0.679277999999999,376.642,478.555,0.457852,378.618,535.346,0.0934663,364.895,415.877,0.747981,351.219,482.443,0.485066,351.173,552.945,0.184772,0.0,0.0,0.0,333.473,308.139,0.678203999999999,0.0,0.0,0.0,341.39,304.228,0.893709
40,2,333.481,319.766,0.72218,366.936,325.695,0.807757,372.771,321.789,0.765805,355.127,362.941,0.173552999999999,0.0,0.0,0.0,362.965,331.586,0.827928999999999,366.765,382.468,0.908131999999999,349.248,417.866,0.861062,380.572,415.789,0.657504,374.714,478.597,0.428124,370.799,527.543,0.090235,366.917,415.923,0.787717,355.089,482.459,0.482243,351.134,552.932,0.165679,0.0,0.0,0.0,331.602,308.123,0.727013,0.0,0.0,0.0,341.374,304.187,0.882613
41,2,333.565,311.984,0.698496999999999,368.774,323.78,0.828144,372.721,321.756,0.747076,357.041,366.836,0.302993,333.543,370.819,0.599252999999999,364.906,331.573,0.807912,366.818,382.476,0.918601,339.499,413.888,0.959375,378.633,413.849,0.656231,376.644,476.604,0.504719,380.563,531.418,0.125106,366.867,415.799,0.803891999999999,355.111,478.528,0.6442500000000001,353.195,541.237,0.204292,0.0,0.0,0.0,333.585,306.066,0.7627659999999991,0.0,0.0,0.0,345.287,302.24,0.805539
42,2,335.438,310.087,0.539878,368.899,323.788,0.808739,370.783,321.783,0.747294,357.051,366.83,0.431552,335.51,372.721,0.758791999999999,368.783,331.557,0.837746,368.835,382.447,0.924754,337.387,406.008,0.844405,366.867,413.939,0.5952700000000001,364.883,474.552,0.380999,366.86,511.853,0.0668228,368.75,415.905,0.790787999999999,366.81,478.467,0.586882,364.879,535.356,0.143534,0.0,0.0,0.0,335.436,306.075,0.605327,0.0,0.0,0.0,345.274,304.07,0.822890999999999
43,2,335.458,310.026,0.562892,368.807,323.764,0.801273999999999,362.944,321.857,0.734128999999999,353.13,368.742,0.467356999999999,333.48,384.522,0.447633,372.777,323.818,0.863965,368.801,378.565,0.875594,335.479,392.359,0.834890999999999,357.095,415.855,0.715422,351.238,478.595,0.572171,349.238,547.083,0.126071,374.721,417.763,0.776181999999999,368.829,482.428,0.652803,368.812,547.123,0.170465,0.0,0.0,0.0,335.468,304.238,0.653964,0.0,0.0,0.0,347.232,302.194,0.801211999999999
44,2,337.45,306.231,0.851001,368.792,323.744,0.828008,360.958,323.744,0.7692300000000001,353.142,366.887,0.481936,333.561,386.428,0.438644,378.599,323.721,0.851468999999999,368.744,374.679,0.855472,335.446,390.353,0.842132,359.022,415.768,0.716687,360.953,476.622,0.531826999999999,355.119,537.296,0.111306999999999,376.679,415.835,0.779652999999999,376.634,478.551,0.659675,380.547,537.314,0.163389,339.381,302.186,0.0813995,337.542,304.115,0.874845,0.0,0.0,0.0,355.082,298.261,0.793256
45,2,337.504,308.129,0.737679,368.901,323.807,0.805896,364.891,323.738,0.794223999999999,353.103,366.851,0.534248,333.583,384.437,0.479541,380.501,323.815,0.835330999999999,366.915,380.488,0.891378999999999,333.532,388.378,0.825087999999999,355.085,415.84,0.788810999999999,345.332,478.501,0.676582,343.347,539.303,0.180554,378.594,417.788,0.79095,374.711,480.512,0.678889,376.664,541.252,0.202867,339.428,304.176,0.0636765,337.551,304.191,0.780671,0.0,0.0,0.0,353.112,300.243,0.770007999999999
46,2,323.792,317.835,0.672937999999999,364.906,325.736,0.757834999999999,355.1,325.751,0.742602,353.076,370.854,0.349164,321.876,394.264,0.271756,368.784,325.727,0.879456,360.984,380.587,0.865888,319.883,396.209,0.906601999999999,351.178,417.862,0.76597,335.491,490.254,0.673608,331.614,554.974,0.217699,368.849,423.66,0.799418,366.847,492.288,0.657364,359.055,558.839,0.198538,0.0,0.0,0.0,323.822,306.222,0.702174,0.0,0.0,0.0,339.42,304.059,0.784042
47,2,304.143,313.969,0.529625999999999,347.238,323.832,0.813711,359.048,321.822,0.835383,372.728,382.478,0.378526,374.714,417.843,0.100407,333.59,327.698,0.814485999999999,315.953,382.543,0.902978,268.881,400.164,0.900048,359.039,427.537,0.71387,353.146,500.082,0.589947,351.21,570.55,0.199330999999999,333.508,427.567,0.732347,321.833,500.1,0.683134999999999,323.761,570.608,0.232901,0.0,0.0,0.0,304.188,306.129,0.6023000000000001,0.0,0.0,0.0,317.895,302.244,0.761207
48,0,78.725,317.895,0.63532,321.826,325.688,0.900339,341.415,321.734,0.851556,364.91,364.906,0.282906,0.0,0.0,0.0,304.201,333.522,0.853204,274.751,384.564,0.874425,239.486,415.793,0.787601999999999,339.464,427.608,0.72919,335.432,502.057,0.527863,333.568,570.61,0.113831,313.993,429.518,0.683987999999999,304.143,500.106,0.506925,306.083,566.677,0.122375,0.0,0.0,0.0,278.695,308.057,0.688442,0.0,0.0,0.0,290.486,304.076,0.877478
49,0,61.035,321.765,0.572160999999999,306.214,327.649,0.904918,331.569,321.723,0.863563,351.128,364.901,0.31942000000000004,0.0,0.0,0.0,288.534,335.503,0.911028,270.794,390.347,0.803164,233.646,423.653,0.810994999999999,335.485,425.66,0.743526999999999,329.616,500.083,0.568743,327.671,566.689,0.164535,304.15,429.552,0.742454,290.506,498.102,0.566812,300.213,560.832,0.148945,0.0,0.0,0.0,259.087,315.926,0.628278,0.0,0.0,0.0,272.714,306.158,0.893668999999999
50,0,59.217,319.908,0.725752,306.124,327.694,0.919461,325.707,319.919,0.865908999999999,349.179,366.869,0.541512,351.214,431.449,0.0861014,288.497,335.581,0.879099,284.598,388.445,0.811516,237.518,411.93,0.820715,335.476,425.621,0.7516400000000001,329.628,498.099,0.611583,323.809,564.703,0.229163999999999,304.097,429.485,0.749085999999999,292.436,494.267,0.622042,296.349,558.87,0.232534,0.0,0.0,0.0,259.13,313.942,0.734452999999999,0.0,0.0,0.0,272.858,304.243,0.9248400000000001
51,0,74.756,319.74,0.722834,317.891,327.698,0.880058999999999,335.495,321.791,0.907952,351.083,368.784,0.38523,0.0,0.0,0.0,300.284,335.527,0.806033999999999,302.214,384.588,0.897467999999999,257.173,398.123,0.895621999999999,333.512,425.599,0.7055400000000001,325.729,494.27,0.606617,323.766,558.871,0.223448999999999,304.171,427.541,0.725711,290.525,494.16,0.623543,292.393,556.876,0.231467999999999,0.0,0.0,0.0,274.732,308.104,0.741825,0.0,0.0,0.0,288.498,304.11,0.8819300000000001
52,0,88.407,310.095,0.560620999999999,323.767,327.66,0.844186,337.504,321.811,0.847965,335.548,380.564,0.125886,0.0,0.0,0.0,310.04,333.547,0.812259,310.021,384.447,0.891917,268.882,386.513,0.8247500000000001,335.487,423.663,0.706295,323.799,494.206,0.520694,323.738,558.828,0.168856,308.114,425.598,0.662418,296.328,492.3,0.548744999999999,298.272,556.864,0.177009,0.0,0.0,0.0,288.44,306.061,0.643787,0.0,0.0,0.0,302.151,302.185,0.786694
53,0,90.567,306.153,0.765424999999999,331.595,327.653,0.809844999999999,347.241,321.901,0.826965,362.95,370.773,0.267694999999999,0.0,0.0,0.0,317.827,331.627,0.790943,315.888,382.451,0.863987,272.832,382.44,0.852746999999999,337.431,423.681,0.721739,325.745,494.153,0.572179,321.823,556.888,0.189908,311.973,423.654,0.662454,300.241,492.226,0.562273,294.38,554.893,0.165579,0.0,0.0,0.0,292.488,302.191,0.730854999999999,0.0,0.0,0.0,308.118,298.309,0.798481
54,0,94.359,306.05,0.597877,335.49,325.754,0.8584400000000001,351.193,321.891,0.870022,362.91,370.799,0.326297,0.0,0.0,0.0,319.817,331.543,0.806476,310.012,382.489,0.868375999999999,261.119,372.772,0.772759,339.432,427.551,0.7167600000000001,335.49,496.161,0.515289,335.476,560.834,0.139633,317.842,427.573,0.679584,306.134,494.27,0.539387,306.091,558.85,0.144182,0.0,0.0,0.0,296.309,300.228,0.592870999999999,0.0,0.0,0.0,308.061,296.35,0.779436
55,0,96.367,306.056,0.395526,335.461,325.758,0.901505,353.105,321.9,0.933913,358.984,370.748,0.596291,0.0,0.0,0.0,315.887,331.566,0.781519,308.079,376.638,0.853727999999999,266.952,368.79,0.912551,339.49,425.595,0.733757,333.546,494.233,0.616225999999999,327.689,558.833,0.194435,310.086,423.692,0.682554,302.171,492.293,0.6227100000000001,298.306,554.962,0.185644,0.0,0.0,0.0,300.221,302.16,0.456964,335.459,290.444,0.09586309999999901,306.221,300.227,0.822346999999999
56,0,98.286,306.163,0.342065,335.464,325.683,0.905061999999999,353.186,321.874,0.930577999999999,366.821,368.748,0.761307,337.559,382.469,0.104971,310.08,329.603,0.772146999999999,306.052,376.617,0.904175,272.751,368.827,0.881072,341.432,423.675,0.715665,333.489,494.195,0.648478,323.802,556.937,0.229316,310.093,423.663,0.677194,300.243,492.227,0.605729,294.368,553.0,0.201259,0.0,0.0,0.0,300.216,302.237,0.403728,333.577,290.447,0.116063,306.204,300.2,0.798005
57,0,302.167,310.015,0.126467,335.432,323.818,0.913373999999999,353.234,323.729,0.926527,368.733,370.74,0.801979,337.576,380.579,0.0799863,308.086,325.732,0.821426,304.097,374.665,0.879505,270.858,368.822,0.9153119999999991,339.473,425.633,0.755273,329.648,496.171,0.663968,323.757,560.815,0.23649,308.056,423.657,0.703645,294.379,494.137,0.628705,292.414,556.897,0.210371,0.0,0.0,0.0,302.168,304.139,0.197946999999999,333.573,292.44,0.225719,306.128,302.137,0.811599
58,0,302.134,308.148,0.128097,335.435,325.701,0.902412,355.081,323.771,0.911913,366.918,370.854,0.832685999999999,337.547,382.559,0.0919779,308.049,327.652,0.8135500000000001,304.088,378.584,0.889861,270.811,368.936,0.8664600000000001,341.358,425.644,0.751748,331.604,496.198,0.681732,323.783,560.85,0.241165,308.087,423.696,0.698719,296.325,494.171,0.646575,292.447,556.945,0.213725,0.0,0.0,0.0,302.155,304.133,0.201268,335.426,292.458,0.20266,306.171,302.143,0.827745
59,0,98.286,310.033,0.270242,335.45,325.687,0.909401999999999,355.172,323.78,0.891237,368.76,376.638,0.847155999999999,337.507,386.445,0.0984526,306.21,325.745,0.836675,302.159,374.707,0.852665,272.866,370.757,0.882223,345.283,423.694,0.735694,335.445,494.212,0.697557,329.645,558.844,0.255517999999999,310.026,423.647,0.690589,302.178,492.285,0.64873,300.207,556.854,0.222794,0.0,0.0,0.0,298.309,304.185,0.341621,335.474,290.499,0.176962999999999,306.185,300.268,0.7786959999999991
60,2,304.174,308.064,0.12436299999999902,335.529,325.728,0.922051,359.037,325.714,0.8511400000000001,368.812,378.59,0.82628,337.484,384.487,0.075867999999999,308.094,325.698,0.837382,300.246,374.671,0.8503600000000001,272.857,368.765,0.867734,343.359,427.528,0.739849,335.552,498.127,0.629891,331.58,566.675,0.150206,308.091,425.597,0.708835,302.193,494.204,0.618607999999999,300.269,556.893,0.135341,0.0,0.0,0.0,304.137,304.084,0.198464,337.393,292.44,0.258388,308.126,300.213,0.743409
61,2,304.062,306.152,0.258484,335.55,325.688,0.921281999999999,361.001,325.706,0.851584,370.773,378.566,0.776505,337.593,392.318,0.0635878,308.131,323.83,0.834182,302.176,372.735,0.885788999999999,272.898,368.86,0.913092999999999,347.257,425.604,0.738062,335.565,498.134,0.637818,333.557,566.703,0.164757,310.009,423.695,0.701089,302.176,494.25,0.630463,302.177,560.807,0.146142,0.0,0.0,0.0,304.112,302.231,0.334277999999999,337.442,292.417,0.181881,308.129,300.254,0.763678
62,2,308.068,306.204,0.11180000000000001,337.533,325.705,0.900011,366.817,325.731,0.902046999999999,370.832,378.643,0.834723,339.422,386.463,0.0821426,315.891,325.679,0.805912,304.11,370.742,0.929835,276.773,368.815,0.85155,351.213,421.739,0.783181,339.445,496.14,0.616466,337.472,562.79,0.190501,315.894,421.729,0.691898,308.143,494.178,0.624648,306.13,558.851,0.171457,0.0,0.0,0.0,306.233,304.075,0.168067,339.468,292.41,0.278020999999999,315.919,300.199,0.764752
63,2,306.203,304.245,0.310799,343.387,323.815,0.858933,368.785,325.735,0.8952800000000001,380.526,376.639,0.737993999999999,370.818,413.832,0.0973732,319.855,323.776,0.90341,306.108,368.905,0.955901,288.424,368.772,0.757965,357.075,419.791,0.767967,351.13,490.3,0.613205,341.403,554.978,0.247855,321.825,419.772,0.7247300000000001,319.813,492.183,0.678176999999999,317.856,554.953,0.23946,0.0,0.0,0.0,308.061,300.27,0.355182999999999,345.305,292.475,0.162584999999999,319.749,300.239,0.804813999999999
64,2,310.033,306.205,0.533246,349.259,323.809,0.884046999999999,368.87,323.807,0.8890500000000001,382.529,374.688,0.782611,360.964,384.541,0.0729587,323.745,323.771,0.857560999999999,317.822,370.791,0.895108,288.557,370.839,0.848738,364.889,419.725,0.768546,351.108,492.289,0.613441999999999,341.4,558.857,0.232504,327.682,419.73,0.681294,321.753,494.132,0.727132999999999,319.85,558.895,0.239589,0.0,0.0,0.0,311.986,304.104,0.577557,347.246,290.503,0.0782133,321.787,302.15,0.796585
65,2,312.021,308.074,0.560547,351.217,325.683,0.921663999999999,370.753,325.697,0.8510800000000001,382.426,372.716,0.668387,357.061,384.508,0.0766466,331.567,323.789,0.841834,319.832,374.669,0.913258999999999,288.524,372.78,0.838765,364.919,419.726,0.756645,351.105,492.291,0.592471,341.376,558.859,0.240275,333.51,419.731,0.698615,321.782,494.158,0.715472999999999,321.778,562.748,0.251297999999999,0.0,0.0,0.0,313.965,304.161,0.623777,349.256,290.423,0.077029599999999,323.729,302.147,0.819241
66,2,315.929,306.196,0.666223,351.258,325.705,0.941203999999999,370.855,323.815,0.849789,382.541,376.678,0.694534,376.622,411.899,0.0620719,331.569,325.707,0.822045999999999,321.827,372.778,0.870606999999999,292.464,376.63,0.806033999999999,366.767,421.725,0.733208,351.101,496.135,0.578724999999999,345.29,564.732,0.21872000000000003,333.553,421.722,0.6895,321.787,494.255,0.707579,321.756,564.755,0.235688999999999,0.0,0.0,0.0,317.873,304.093,0.733572,0.0,0.0,0.0,325.705,302.202,0.871764
67,2,313.997,308.056,0.705058,353.15,323.769,0.937588,376.642,323.747,0.847820999999999,386.425,376.651,0.722359,368.885,400.162,0.1231,333.571,325.69,0.824288999999999,323.823,374.71,0.827024,302.169,382.562,0.868055999999999,368.793,419.73,0.798501999999999,351.23,492.176,0.635415,345.31,556.868,0.287005,335.532,417.808,0.7135900000000001,321.836,492.222,0.747776,319.88,556.911,0.29677000000000003,0.0,0.0,0.0,317.807,304.15,0.766573,353.117,290.39,0.055858399999999,325.75,302.175,0.812846
68,2,317.859,306.174,0.711216,353.235,323.788,0.903705,378.603,321.869,0.860912999999999,388.374,370.787,0.703132,382.569,411.944,0.516446,335.516,327.697,0.85267,325.753,380.509,0.817450999999999,304.151,384.492,0.714672,368.745,415.908,0.792976999999999,353.225,484.38,0.669258,347.233,552.928,0.362774999999999,337.452,415.863,0.739405,321.887,486.356,0.710189,319.801,554.888,0.368156,0.0,0.0,0.0,319.759,304.075,0.742931999999999,0.0,0.0,0.0,331.578,302.137,0.818083
69,2,319.776,306.209,0.525953,360.962,323.781,0.870622999999999,382.454,323.729,0.898053999999999,394.306,368.838,0.808766,372.725,388.381,0.23537000000000002,337.546,325.711,0.843961,333.566,374.7,0.840773,306.073,384.518,0.761813,368.874,419.724,0.796941,353.221,488.329,0.618734999999999,345.311,552.977,0.275752999999999,339.39,417.784,0.6853,321.817,490.24,0.682446,319.854,554.946,0.295145,0.0,0.0,0.0,319.828,304.112,0.587182,355.129,290.538,0.0780392,331.568,302.183,0.793129
70,2,319.728,308.143,0.556188999999999,355.093,325.69,0.881011999999999,382.511,325.708,0.907833,396.205,376.635,0.851812,372.743,396.182,0.222356,333.579,325.678,0.865078999999999,321.88,380.495,0.804132,310.024,384.505,0.627842,368.882,417.82,0.833611,360.963,484.406,0.649798,349.236,551.022,0.270821,335.557,415.899,0.732761999999999,323.724,490.268,0.736642999999999,323.744,554.902,0.290494,0.0,0.0,0.0,319.721,304.237,0.628217999999999,353.159,290.559,0.0848723,325.732,302.205,0.824234999999999
71,2,312.038,308.109,0.525589,349.245,323.828,0.888452999999999,378.569,323.76,0.881355,394.232,370.752,0.885181,370.795,382.549,0.319316,319.82,327.651,0.880784999999999,304.219,382.468,0.880176,304.083,388.398,0.420510999999999,368.796,417.785,0.840341999999999,357.113,490.279,0.662639,351.14,554.958,0.257150999999999,331.547,417.771,0.724839,323.729,492.227,0.761687999999999,321.845,556.904,0.29867000000000005,0.0,0.0,0.0,313.995,304.217,0.603113,351.105,296.298,0.165107,323.763,302.232,0.832361
72,2,306.03,306.09,0.195726999999999,335.511,321.884,0.9281800000000001,366.824,319.847,0.954576,384.589,364.938,0.931364,364.922,368.77,0.202374,304.14,329.623,0.860042,296.368,382.609,0.842372999999999,304.17,398.186,0.322517999999999,364.891,415.821,0.800728,364.876,490.301,0.693091999999999,353.206,558.837,0.18168499999999901,321.782,415.915,0.782422,321.893,492.235,0.774891999999999,321.822,556.859,0.229616,0.0,0.0,0.0,306.155,302.21,0.273470999999999,337.564,292.461,0.422188,313.975,302.211,0.827260999999999
73,2,310.033,304.196,0.0781886,339.447,321.852,0.92551,370.771,319.923,0.938919,388.439,366.776,0.929812,370.811,380.606,0.414468,308.139,325.7,0.839446999999999,302.169,378.564,0.851877,310.028,384.488,0.159007999999999,366.854,413.86,0.860692,368.891,480.549,0.764424,366.852,552.931,0.126378,323.785,413.872,0.796866,323.731,488.286,0.788741999999999,329.616,554.917,0.205005,0.0,0.0,0.0,313.936,302.249,0.119174999999999,347.22,290.482,0.511967,319.813,298.31,0.816754
74,2,333.589,306.218,0.690352,368.858,321.89,0.950135,396.236,321.789,0.941751,407.984,366.751,0.835927,378.636,370.84,0.109279,347.265,323.762,0.864234,335.585,368.837,0.918486999999999,319.867,384.562,0.713996,384.502,415.815,0.836901999999999,382.563,488.288,0.676819,382.535,554.919,0.0899377,351.146,415.802,0.766494999999999,337.469,488.349,0.669929,345.309,556.855,0.113911,0.0,0.0,0.0,335.445,304.121,0.765664,376.604,292.467,0.081695999999999,347.228,302.137,0.8755600000000001
75,1,353.158,308.141,0.888077,388.385,321.904,0.861881,398.265,321.761,0.815724999999999,364.876,355.165,0.381914,349.201,368.854,0.568533,380.566,327.639,0.802831,376.689,370.834,0.801584,349.213,384.442,0.807377999999999,400.111,409.956,0.687083,398.232,474.585,0.628344,400.131,527.523,0.18005000000000002,382.482,411.915,0.742799,362.924,472.65,0.641845999999999,362.913,525.547,0.185166,353.133,304.09,0.130908,355.073,304.21,0.913871999999999,0.0,0.0,0.0,368.878,302.182,0.854642
76,1,366.931,306.105,0.665713999999999,400.195,323.719,0.8338,407.995,321.759,0.749216999999999,398.178,366.883,0.300567,366.876,370.801,0.344119,398.167,325.75,0.812775999999999,400.102,370.767,0.889135999999999,366.853,382.457,0.863433,398.252,409.98,0.613144,396.205,476.475,0.47210799999999903,388.406,529.47,0.107935999999999,396.267,413.822,0.758867,374.684,474.614,0.529702999999999,380.565,527.54,0.17358,0.0,0.0,0.0,368.756,302.224,0.690831,0.0,0.0,0.0,382.468,300.226,0.812591
77,1,378.564,304.2,0.798453,409.913,323.746,0.751938,413.893,321.838,0.732359,396.216,362.971,0.295609,366.842,366.884,0.411960999999999,402.186,325.744,0.790395,398.257,370.733,0.896844,366.774,382.445,0.860953,409.926,409.949,0.597263,404.091,468.752,0.539374,415.779,521.625,0.24384299999999903,400.109,411.956,0.800169,396.267,472.676,0.700982,409.948,527.521,0.329266,378.573,294.379,0.084504,382.421,298.288,0.783318,0.0,0.0,0.0,398.134,294.376,0.843650999999999
78,1,382.534,304.202,0.820998,415.844,323.724,0.882296,429.586,321.768,0.853134,441.295,368.821,0.135445999999999,0.0,0.0,0.0,402.11,327.662,0.832486,398.236,374.732,0.878748,368.748,384.418,0.955071,427.598,413.805,0.767382999999999,417.826,476.523,0.711217,427.581,529.447,0.303106,406.018,413.912,0.739679,402.171,476.618,0.736340999999999,413.852,535.363,0.300771,382.538,298.304,0.0510724,384.399,298.269,0.774675999999999,0.0,0.0,0.0,398.173,294.382,0.798221
79,2,384.422,304.167,0.742584,417.821,321.903,0.9171900000000001,443.288,321.73,0.9294600000000001,458.925,368.734,0.840949,443.258,384.594,0.204071,398.201,327.645,0.853949,394.237,376.623,0.834958,368.908,382.544,0.6800700000000001,443.247,411.934,0.790373,431.507,478.513,0.864521,431.447,541.17,0.49151000000000006,413.844,413.867,0.780642,411.904,478.55,0.8224600000000001,413.854,541.212,0.459287,0.0,0.0,0.0,384.487,296.367,0.719667,0.0,0.0,0.0,398.185,296.319,0.787068
80,2,398.297,306.152,0.610278,429.634,321.874,0.964356999999999,456.969,321.711,0.93225,472.629,366.948,0.791949,458.912,384.592,0.119765,404.089,323.825,0.816265999999999,398.106,374.713,0.978808999999999,380.502,378.591,0.597243,451.084,413.803,0.810026999999999,449.104,476.572,0.938481999999999,460.843,535.349,0.790889,415.824,413.94,0.812280999999999,417.759,478.498,0.90122,423.691,539.245,0.582403999999999,0.0,0.0,0.0,398.273,304.068,0.611611999999999,429.643,290.371,0.122556,409.938,298.262,0.727656
81,2,0.0,0.0,0.0,445.275,323.841,0.934805,474.587,323.766,0.907442,486.328,370.827,0.833075999999999,472.626,382.51,0.0771814,417.798,327.66,0.844086999999999,406.014,380.518,0.916431,400.206,382.47,0.431637999999999,462.825,413.876,0.860908,460.861,476.532,0.899805,458.968,537.245,0.724347,427.585,413.888,0.824028,427.62,476.635,0.876931999999999,429.547,535.345,0.554674,0.0,0.0,0.0,0.0,0.0,0.0,451.084,294.336,0.519308,429.459,296.343,0.779246
82,2,0.0,0.0,0.0,458.88,325.752,0.8620500000000001,486.359,327.639,0.83979,496.221,370.849,0.893652999999999,476.596,378.584,0.163915,429.491,327.713,0.859495999999999,415.766,378.582,0.893262999999999,415.809,382.533,0.156584,474.628,415.817,0.81674,466.752,476.612,0.871201,462.832,535.299,0.785092,433.478,415.769,0.788980999999999,429.467,478.557,0.915287,415.943,539.295,0.650695,0.0,0.0,0.0,0.0,0.0,0.0,462.918,292.398,0.794948,439.38,296.306,0.638401
83,2,0.0,0.0,0.0,460.946,323.791,0.924308999999999,492.236,325.691,0.886929,505.917,380.525,0.898335999999999,492.192,388.413,0.16761,431.465,323.753,0.889914,417.774,370.748,0.919887999999999,435.444,382.433,0.312544,476.571,411.952,0.838712999999999,468.752,476.599,0.828071,460.923,535.316,0.7422200000000001,437.405,409.928,0.737629,439.314,476.487,0.840783,433.44,527.566,0.603648,0.0,0.0,0.0,0.0,0.0,0.0,476.521,294.4,0.806423999999999,447.248,296.308,0.725306
84,1,0.0,0.0,0.0,462.799,323.783,0.939615,492.221,325.729,0.888979,500.086,378.564,0.8503400000000001,492.191,378.588,0.0803649,433.468,321.892,0.909617999999999,417.87,366.946,0.883533,443.22,368.817,0.0831904,478.451,413.796,0.847445999999999,474.596,472.676,0.777017,462.935,525.484,0.746344999999999,445.104,411.949,0.798453,456.987,470.705,0.776107,462.787,525.51,0.696732,0.0,0.0,0.0,0.0,0.0,0.0,478.622,298.267,0.703181,456.999,294.414,0.546677
85,1,0.0,0.0,0.0,462.904,323.787,0.938164999999999,492.129,325.73,0.871996,498.101,372.747,0.839735,513.774,374.726,0.706626,441.323,321.903,0.895447,429.579,366.826,0.824629,445.157,384.465,0.172816,478.455,409.948,0.826406,476.52,468.698,0.814300999999999,464.852,519.685,0.73846,445.297,406.024,0.804688,460.842,464.875,0.825533,462.915,521.583,0.689960999999999,0.0,0.0,0.0,0.0,0.0,0.0,484.382,300.261,0.771424,462.771,296.361,0.554030999999999
86,1,0.0,0.0,0.0,464.872,321.863,0.922636999999999,492.127,323.721,0.885334,494.165,368.759,0.938859,513.786,370.762,0.76968,445.238,321.819,0.939855,433.509,366.766,0.707904,460.87,382.51,0.0972537,478.579,407.962,0.810368,486.344,464.787,0.823261999999999,472.619,517.724,0.755711999999999,449.117,404.119,0.789933,462.792,462.922,0.867493,464.874,521.592,0.721093,494.292,296.359,0.121822,0.0,0.0,0.0,492.296,296.323,0.898486999999999,468.731,290.56,0.346666
87,1,500.056,304.049,0.0949135,474.615,319.909,0.915422,490.31,321.825,0.913528,492.286,366.878,0.95935,517.72,368.887,0.900994,456.999,319.749,0.820978,456.989,364.83,0.0976799,0.0,0.0,0.0,488.29,402.131,0.769623,503.949,462.793,0.854837,486.38,523.525,0.857351,460.949,402.095,0.834509,464.895,462.814,0.901435,468.71,523.516,0.755309,504.008,300.205,0.16037099999999901,0.0,0.0,0.0,494.215,296.299,0.859586,476.457,290.551,0.334954
88,1,521.663,306.166,0.847577999999999,486.368,323.752,0.882270999999999,500.098,329.663,0.797549,503.947,370.738,0.842955,525.506,372.744,0.857086,472.631,321.808,0.90317,462.844,366.843,0.515544,494.144,376.637,0.163825,496.171,406.057,0.783486,509.965,462.785,0.897497999999999,521.561,523.505,0.827286,474.64,402.187,0.806917999999999,476.576,462.859,0.938562999999999,474.553,521.639,0.830997,521.545,304.071,0.810336,523.544,304.201,0.059394199999999,507.955,298.323,0.8448300000000001,0.0,0.0,0.0
89,1,537.32,306.158,0.8929300000000001,504.02,323.77,0.853421,511.885,327.674,0.801771999999999,523.526,370.801,0.9360900000000001,551.022,374.672,0.822734,492.233,321.853,0.906366,494.205,368.791,0.117855999999999,541.174,366.93,0.103378,513.828,407.984,0.779577,523.522,464.852,0.851711,523.529,525.47,0.877482,494.164,402.189,0.8320400000000001,494.18,460.914,0.926955,476.597,517.683,0.864922,535.319,304.061,0.821087999999999,539.246,304.124,0.058471699999999,523.558,300.216,0.811026999999999,0.0,0.0,0.0
90,1,552.94,306.173,0.860499,519.687,323.763,0.787283,523.588,327.69,0.844463,527.571,370.853,0.862103,558.866,378.598,0.892573,509.948,321.781,0.801242,533.346,368.774,0.194922999999999,554.936,368.853,0.282062,525.604,409.908,0.815232,527.498,464.792,0.883648999999999,517.698,521.654,0.7795200000000001,517.678,404.103,0.680242,525.514,462.864,0.880247,496.167,507.87,0.817419,551.009,304.062,0.815221,0.0,0.0,0.0,539.246,298.278,0.854463,0.0,0.0,0.0
91,1,564.746,310.095,0.807325,533.418,323.807,0.765780999999999,525.572,323.763,0.921624999999999,523.497,374.708,0.881968,558.896,378.65,0.877869,539.341,325.714,0.747333999999999,543.181,368.856,0.273436,558.855,376.641,0.273783,527.491,413.809,0.856676999999999,525.558,472.652,0.888357,523.488,525.531,0.934383,545.138,411.907,0.787511,558.885,464.855,0.849266,574.544,523.562,0.848737,564.708,306.058,0.841745,0.0,0.0,0.0,552.995,302.128,0.872421999999999,0.0,0.0,0.0
92,1,582.334,319.734,0.662320999999999,551.043,329.608,0.831491,539.149,327.7,0.859327,529.488,374.69,0.843994999999999,570.552,380.58,0.88536,566.648,331.573,0.756328,568.593,364.921,0.392133,582.356,370.817,0.506309,539.273,413.912,0.868796999999999,535.312,472.659,0.8447800000000001,523.538,525.513,0.907386999999999,562.795,413.847,0.82925,574.536,474.538,0.881733,590.277,529.45,0.842818,584.25,310.026,0.6427200000000001,0.0,0.0,0.0,572.486,304.182,0.877284,0.0,0.0,0.0
93,1,599.926,315.935,0.85945,572.548,325.682,0.917576,554.965,321.852,0.933211,541.154,368.75,0.935670999999999,582.338,378.623,0.873535,588.312,331.55,0.800424999999999,588.169,368.763,0.163648,592.139,380.517,0.174041,556.878,411.87,0.8552900000000001,554.867,470.672,0.848482,529.501,523.544,0.844625,586.27,411.886,0.821805999999999,588.213,474.566,0.884582,588.297,537.285,0.8798009999999991,594.138,306.152,0.897693,602.014,310.012,0.590121999999999,580.405,300.205,0.831263,0.0,0.0,0.0
94,1,601.976,312.018,0.621560999999999,588.234,327.682,0.904252,560.822,321.856,0.893165,543.172,362.964,0.890502999999999,570.65,376.62,0.894757999999999,617.561,333.588,0.888853999999999,619.668,368.781,0.626564,609.813,376.664,0.269595,558.923,408.021,0.825392,562.794,472.621,0.847850999999999,556.855,529.465,0.886672999999999,596.087,413.81,0.793823,590.252,474.639,0.836553999999999,588.328,537.297,0.919542,599.999,306.165,0.632448,603.86,306.162,0.522286,588.261,302.216,0.777462,598.037,304.097,0.204888
95,1,588.227,313.966,0.340399,588.164,333.532,0.911744999999999,556.981,327.669,0.827982,541.159,368.789,0.937268,556.903,376.682,0.761635,617.605,335.464,0.924391,629.403,370.847,0.828174,617.696,380.529,0.753724,564.693,415.793,0.768295,562.76,478.54,0.804655999999999,562.781,539.186,0.779547,599.994,415.935,0.793862,592.137,480.505,0.782103,590.168,539.188,0.844719,586.266,306.15,0.35468000000000005,590.185,306.175,0.352389,582.384,304.193,0.494737999999999,590.165,304.169,0.54398
96,1,562.795,310.095,0.719955999999999,572.649,333.496,0.885143,541.272,333.547,0.8939549999999991,527.473,372.768,0.836106,543.192,382.551,0.718866999999999,604.011,331.551,0.869513,619.683,368.901,0.909627,604.008,380.582,0.855703,554.997,427.619,0.796391,558.891,492.301,0.805576,562.752,551.03,0.579581,592.208,427.623,0.752212,592.137,492.24,0.749798,588.345,541.209,0.660633999999999,558.815,306.092,0.770641,570.574,306.079,0.7884500000000001,556.868,300.266,0.0989784,584.354,304.149,0.821745
97,1,541.242,306.146,0.825619,566.699,331.545,0.829322,537.243,329.661,0.85021,521.572,366.897,0.822628999999999,521.596,376.679,0.707353999999999,594.151,327.711,0.8367800000000001,615.635,368.868,0.889668,597.99,380.55,0.795287,550.966,421.694,0.737147,554.97,488.295,0.831387,560.825,541.306,0.787087,588.221,419.726,0.795156,590.162,482.479,0.834476999999999,592.156,543.147,0.831121999999999,541.167,304.141,0.274198999999999,545.166,304.101,0.788708,0.0,0.0,0.0,564.757,302.236,0.796636999999999
98,1,541.208,308.14,0.829766,568.567,331.619,0.841364999999999,537.283,331.572,0.8594700000000001,523.512,368.881,0.7576600000000001,521.555,378.62,0.683693,594.152,329.656,0.833812,613.741,370.756,0.879776999999999,594.092,382.487,0.874796999999999,547.106,421.743,0.728511999999999,556.809,492.145,0.856775,558.922,549.029,0.737557,586.357,419.751,0.793566999999999,588.252,486.371,0.853379,588.316,547.08,0.770073,539.371,304.251,0.346404999999999,543.213,304.235,0.856958999999999,0.0,0.0,0.0,560.844,302.181,0.793686999999999
99,1,572.638,306.181,0.916632,570.65,331.62,0.893956,539.283,333.503,0.894718,525.518,372.7,0.884285,552.952,388.4,0.731063999999999,602.044,329.626,0.900868999999999,619.51,368.809,0.918978,604.007,382.59,0.920129,556.838,425.589,0.792183,558.92,490.301,0.799605999999999,560.837,554.902,0.746199,599.926,421.719,0.759265,603.897,492.148,0.851831,607.857,556.824,0.764977,570.514,304.072,0.902787,582.317,304.078,0.892961,556.881,302.216,0.890234,588.159,302.135,0.628629
100,1,621.547,306.104,0.87311,598.0,335.493,0.885574,570.517,333.523,0.883876,550.976,378.602,0.868919,584.328,398.096,0.889120999999999,621.583,335.59,0.889434,633.178,380.495,0.622892999999999,633.34,384.569,0.532516,572.534,429.478,0.881706,570.691,492.285,0.944766999999999,558.879,552.926,0.658648,611.73,429.567,0.791571999999999,617.595,507.922,0.708480999999999,621.557,570.597,0.364191999999999,619.497,302.184,0.847999,619.676,304.067,0.172034,600.022,302.165,0.8630200000000001,0.0,0.0,0.0
