,pitch,yaw,x,y,z
20,-0.10709264221670872,-0.7997527318979106,-0.845582974964541,1.0206004300317328,1.7872093961329292
21,-0.09330282578523161,-0.6030785369908567,-1.092780744523558,0.7774193632062427,1.7755665353120986
22,-0.09330282578523161,-0.6030785369908567,-1.092780744523558,0.7774193632062427,1.7755665353120986
23,-0.10439235063897336,-0.6094129378755622,-1.1683273638533938,0.7448157764234473,1.7710009606983743
24,-0.10439235063897336,-0.6094129378755622,-1.1683273638533938,0.7448157764234473,1.7710009606983743
25,-0.11782213098166808,-0.5426572167152613,-1.146468578835985,0.767712113286368,1.7920258348737166
26,-0.014432934203223684,-1.0230622390533635,-1.0044577084808939,0.482595133652556,1.7819037299947171
27,-0.014432934203223684,-1.0230622390533635,-1.0044577084808939,0.482595133652556,1.7819037299947171
28,-0.22820503602075687,-1.2379956740445766,-1.1106357372768296,0.2376323752450786,1.7446435357817074
29,-0.22820503602075687,-1.2379956740445766,-1.1106357372768296,0.2376323752450786,1.7446435357817074
30,-0.16234913321261168,-1.4612031249626083,-1.0970590126458442,0.1342129211865015,1.7481180076914629
31,-0.16234913321261168,-1.4612031249626083,-1.0970590126458442,0.1342129211865015,1.7481180076914629
32,-0.1481952940632847,-1.4912942788911097,-1.11088211044315,0.15573650300129502,1.7476345246110958
33,-0.1481952940632847,-1.4912942788911097,-1.11088211044315,0.15573650300129502,1.7476345246110958
34,-0.1186755672036091,-1.5361765034864217,-1.1101791353384953,0.17507124240499025,1.7512920429155052
35,-0.12578126546396753,-1.2828125954287253,-1.1041660980563042,0.10242880178812803,1.7539965751209752
36,-0.12578126546396753,-1.2828125954287253,-1.1041660980563042,0.10242880178812803,1.7539965751209752
37,-0.08750715773471048,-0.7012947393020108,-0.9286497849878931,-0.43335640526760066,1.7851311164151291
38,-0.08750715773471048,-0.7012947393020108,-0.9286497849878931,-0.43335640526760066,1.7851311164151291
39,-0.09263778206860647,-0.7481777347405743,-0.9301307950925045,-1.0702509761903325,1.7843907182246572
40,-0.09263778206860647,-0.7481777347405743,-0.9301307950925045,-1.0702509761903325,1.7843907182246572
41,-0.11556252000642228,-1.09364150459445,-1.0853288576137945,-1.4420048373781738,1.7608506561790123
42,-0.11556252000642228,-1.09364150459445,-1.0853288576137945,-1.4420048373781738,1.7608506561790123
43,-0.0936596882411526,-1.2783497160911397,-1.0628852045829547,-1.568370206589721,1.770103262761697
44,-0.07612429327091254,-1.2631508480479716,-1.0440056209363795,-1.6051318934590344,1.7706279184212028
45,-0.07612429327091254,-1.2631508480479716,-1.0440056209363795,-1.6051318934590344,1.7706279184212028
46,-0.06148898577994184,-1.2014661245992142,-1.0523052403519542,-1.5982948510254642,1.777464854427258
47,-0.06148898577994184,-1.2014661245992142,-1.0523052403519542,-1.5982948510254642,1.777464854427258
48,-0.056545600958721826,-1.164603064263422,-1.0362435386153785,-1.6157453300475788,1.7762375865921716
49,-0.056545600958721826,-1.164603064263422,-1.0362435386153785,-1.6157453300475788,1.7762375865921716
50,-0.08376073339464352,-1.0506308964400077,-0.9757499052987229,-1.661526706837739,1.7811614199782855
51,-0.08376073339464352,-1.0506308964400077,-0.9757499052987229,-1.661526706837739,1.7811614199782855
52,-0.13635440819422753,-0.600661513519166,-0.9411687454063903,-2.041818922858326,1.7902656746968855
53,-0.10073358769052196,-0.6615107235590691,-0.9467425973995682,-2.683637337128671,1.7831779161985317
54,-0.10073358769052196,-0.6615107235590691,-0.9467425973995682,-2.683637337128671,1.7831779161985317
55,-0.09644524383482038,-0.8676657667564955,-1.1056997292985205,-3.0850267047096613,1.7575321618739264
56,-0.09644524383482038,-0.8676657667564955,-1.1056997292985205,-3.0850267047096613,1.7575321618739264
57,-0.07945840184716846,-0.44517631074151087,-0.9465639973114541,-3.135092200252369,1.7562358069321922
58,-0.07945840184716846,-0.44517631074151087,-0.9465639973114541,-3.135092200252369,1.7562358069321922
59,-0.06135792613082536,1.3377682833028914,-0.23057237851954487,-2.9709668694195654,1.7831740378655354
60,-0.028469594475683375,1.5997726939947816,0.3775211785346536,-2.886230130329535,1.7795247080317906
61,-0.028469594475683375,1.5997726939947816,0.3775211785346536,-2.886230130329535,1.7795247080317906
62,-0.06282179388355817,1.535877134837823,0.9401240718921179,-2.846507233267532,1.7241337965034245
63,-0.06282179388355817,1.535877134837823,0.9401240718921179,-2.846507233267532,1.7241337965034245
64,-0.12161050329937448,1.5222242783613906,1.1165178493669399,-2.8264809355614613,1.6177992104968
65,-0.12161050329937448,1.5222242783613906,1.1165178493669399,-2.8264809355614613,1.6177992104968
66,-0.15708574787578378,1.5271187140668865,1.1115525439475584,-2.8321806509162486,1.6247384201063573
67,-0.15708574787578378,1.5271187140668865,1.1115525439475584,-2.8321806509162486,1.6247384201063573
68,-0.1609532112257601,1.5747812968655086,1.0982219338295882,-2.823868810298033,1.626832288497805
69,-0.07434143456955072,1.5542972157712451,1.06705207141186,-2.801454458185762,1.6341730484363295
70,-0.07434143456955072,1.5542972157712451,1.06705207141186,-2.801454458185762,1.6341730484363295
71,-0.01995495719933227,1.5733629071433326,1.1605652652126828,-2.758474270951865,1.5072677831178
72,-0.01995495719933227,1.5733629071433326,1.1605652652126828,-2.758474270951865,1.5072677831178
73,-0.014681541274627204,1.5836863146070423,1.1976355451397196,-2.7700191990494685,1.4726020108961964
74,-0.014681541274627204,1.5836863146070423,1.1976355451397196,-2.7700191990494685,1.4726020108961964
75,0.07420358839167913,1.2711741335870417,1.1303121489750785,-2.834332256964223,1.5397016585908692
76,0.07420358839167913,1.2711741335870417,1.1303121489750785,-2.834332256964223,1.5397016585908692
77,0.11040148479132426,1.2715465074564394,1.1543365765963365,-2.8703964754475644,1.4872533806356347
78,0.044753500600425884,1.2182570761007334,1.0883557015955274,-2.8366152382297836,1.5586829280708696
79,0.044753500600425884,1.2182570761007334,1.0883557015955274,-2.8366152382297836,1.5586829280708696
80,-0.018252363959013328,1.3381688066437691,1.0508881401492596,-2.8159711206165285,1.6520902747409991
81,-0.018252363959013328,1.3381688066437691,1.0508881401492596,-2.8159711206165285,1.6520902747409991
82,-0.026306027622629725,1.364041887093043,1.1938400286742579,-2.924517828502442,1.701796981675035
83,-0.026306027622629725,1.364041887093043,1.1938400286742579,-2.924517828502442,1.701796981675035
84,-0.07412944560232966,1.620123475446522,0.9789217520305196,-2.8731598880484452,1.7578859107537141
85,-0.07412944560232966,1.620123475446522,0.9789217520305196,-2.8731598880484452,1.7578859107537141
86,0.03285801640403187,1.3914705610074543,0.9381058179418363,-2.829962933070991,1.7258687784714315
87,-0.010161836322395914,1.768780842369009,0.8902673849328313,-2.7725700053315654,1.7178912891243336
88,-0.010161836322395914,1.768780842369009,0.8902673849328313,-2.7725700053315654,1.7178912891243336
89,0.07400547163726245,1.4152545821917524,0.9714668733446831,-2.849623060607962,1.5762514065511248
90,0.07400547163726245,1.4152545821917524,0.9714668733446831,-2.849623060607962,1.5762514065511248
91,-0.051168710358470426,1.3847238780640396,0.9051784080334465,-2.937637974735,1.1214590064141208
92,-0.051168710358470426,1.3847238780640396,0.9051784080334465,-2.937637974735,1.1214590064141208
93,-0.09871111910599839,1.6506533143986897,0.8904791018123308,-2.9412507776136936,1.073212155660049
112,-0.019177942462580404,1.4861149867174428,1.022329668282221,-2.9772429291233906,1.551651184767714
113,0.05033982807735608,1.0574477111002645,1.1504652543844438,-3.211077419207267,1.5018806905044975
114,0.05033982807735608,1.0574477111002645,1.1504652543844438,-3.211077419207267,1.5018806905044975
115,0.001209630268591366,0.9995072552662988,1.171279981174602,-3.312665229278844,1.4936990702513022
116,0.001209630268591366,0.9995072552662988,1.171279981174602,-3.312665229278844,1.4936990702513022
117,-0.10376416265065856,1.0267907077582592,1.186359599868663,-3.313202220194587,1.5213286282591152
118,-0.0666407968681553,0.9478494182345746,1.1104722956093291,-3.3085253846495397,1.5935186214978692
119,-0.0666407968681553,0.9478494182345746,1.1104722956093291,-3.3085253846495397,1.5935186214978692
120,-0.12426491680420204,0.9701813968911099,1.165664343335641,-3.344561968736352,1.5194384435109947
121,-0.12426491680420204,0.9701813968911099,1.165664343335641,-3.344561968736352,1.5194384435109947
122,-0.0782814181035882,1.1752748296581879,1.1524374764521097,-3.2338377635315663,1.5631993515069216
123,-0.0782814181035882,1.1752748296581879,1.1524374764521097,-3.2338377635315663,1.5631993515069216
124,-0.14184719658981587,2.130110023310266,0.7619028319845985,-2.589943768845542,1.7453034543230697
125,-0.14184719658981587,2.130110023310266,0.7619028319845985,-2.589943768845542,1.7453034543230697
126,-0.011525507008995123,1.936540660617616,0.8671359552264578,-1.888723988746043,1.6824859478526473
127,-0.011525507008995123,1.936540660617616,0.8671359552264578,-1.888723988746043,1.6824859478526473
128,0.08386828051415535,1.7449487761800098,1.026567579897989,-1.6687263395962468,1.5673323819965406
129,0.10427718099164522,1.6729968287802375,0.9952072845661627,-1.6392847759169102,1.489282574491129
130,0.10427718099164522,1.6729968287802375,0.9952072845661627,-1.6392847759169102,1.489282574491129
131,-0.046079074042576655,1.894096011664577,0.9424854339302379,-1.5696981770802878,1.5181511284395077
132,-0.046079074042576655,1.894096011664577,0.9424854339302379,-1.5696981770802878,1.5181511284395077
133,-0.11427475295800293,1.7561349411802263,0.9972304075035275,-1.3304197577421695,1.6367651968620107
134,-0.11427475295800293,1.7561349411802263,0.9972304075035275,-1.3304197577421695,1.6367651968620107
135,-0.03224889664267718,1.5644119288796512,1.0950070549884452,-1.0533357872204658,1.465948977415145
136,-0.03224889664267718,1.5644119288796512,1.0950070549884452,-1.0533357872204658,1.465948977415145
137,-0.013074877173618871,1.6452589511464535,1.0940804067762284,-0.9810796296588021,1.4083259723641366
138,0.08799933776099912,1.3018783258216873,1.0925720672450736,-1.0358482466453667,1.4302882623875437
139,0.08799933776099912,1.3018783258216873,1.0925720672450736,-1.0358482466453667,1.4302882623875437
140,-0.03967823700813469,0.833021963968633,1.0374975961581545,-1.3214158876609856,1.4958686081479236
141,-0.03967823700813469,0.833021963968633,1.0374975961581545,-1.3214158876609856,1.4958686081479236
142,-0.113835467807911,0.8531297175400466,1.049137939715457,-1.4413676152379495,1.4976115611207306
143,-0.113835467807911,0.8531297175400466,1.049137939715457,-1.4413676152379495,1.4976115611207306
144,-0.23918748432615627,1.9007110973273655,0.9788028803594242,-1.1447084294235772,1.6532725862111712
145,-0.0682533866299337,2.0570184817062365,0.8635981771372032,-0.3966535000017336,1.7517396339591287
146,-0.0682533866299337,2.0570184817062365,0.8635981771372032,-0.3966535000017336,1.7517396339591287
147,0.06758135199661999,1.4812802056909034,1.085542059895717,0.09315559918581265,1.5814681262073356
148,0.06758135199661999,1.4812802056909034,1.085542059895717,0.09315559918581265,1.5814681262073356
149,0.09074824081236874,1.4811982511268051,1.0810235520159552,0.1827489835174944,1.541058024748294
150,0.09074824081236874,1.4811982511268051,1.0810235520159552,0.1827489835174944,1.541058024748294
151,0.10667832350105096,1.3953859279628105,1.0895840622536996,0.17469416074013108,1.572026128382664
152,0.10667832350105096,1.3953859279628105,1.0895840622536996,0.17469416074013108,1.572026128382664
153,0.007352010904248472,1.6240859756630046,1.0560820400499082,0.1374047373965197,1.6756811140090433
154,-0.1242964046128854,1.7220251038542478,1.052175958426938,0.23539670071860358,1.7159163159549806
155,-0.1242964046128854,1.7220251038542478,1.052175958426938,0.23539670071860358,1.7159163159549806
156,-0.002510932169135563,1.4060521997130366,1.1132664994410097,0.5357803422226786,1.7250648889527729
157,-0.002510932169135563,1.4060521997130366,1.1132664994410097,0.5357803422226786,1.7250648889527729
158,-0.22792165986760002,2.1999337029654815,1.3053474087165315,0.5367843791503274,1.7108597574233715
159,-0.22792165986760002,2.1999337029654815,1.3053474087165315,0.5367843791503274,1.7108597574233715
160,-0.3789926679668558,2.5956333671512906,1.3709359257063056,0.5245562037338173,1.7118847742865986
161,-0.05962651103830553,1.7029285386910509,1.0757880855638902,0.525634949494553,1.7819033151393808
162,-0.05962651103830553,1.7029285386910509,1.0757880855638902,0.525634949494553,1.7819033151393808
163,-0.16140526964927873,2.094887399650648,0.978801111211236,0.5410520865195231,1.7754493028293565
164,-0.16140526964927873,2.094887399650648,0.978801111211236,0.5410520865195231,1.7754493028293565
165,-0.016457805020252667,2.194805999201565,0.9523006371484934,0.6487602750717191,1.7625665285115557
166,-0.016457805020252667,2.194805999201565,0.9523006371484934,0.6487602750717191,1.7625665285115557
167,-0.007584178446514199,2.146577302999411,0.9565576211410028,0.6628173262939812,1.7596299065600751
168,-0.002764843548607236,2.1074118975843055,0.9531160626291751,0.6701920366106161,1.7593320206723888
169,-0.002764843548607236,2.1074118975843055,0.9531160626291751,0.6701920366106161,1.7593320206723888
170,-0.011247494789618596,1.8122460258657282,1.0557235599919688,0.6643914624456093,1.750058027150433
171,-0.011247494789618596,1.8122460258657282,1.0557235599919688,0.6643914624456093,1.750058027150433
172,-0.05806400406758571,2.0660682569723696,1.0869570309162866,0.8812934467823239,1.7186441604588938
173,-0.05806400406758571,2.0660682569723696,1.0869570309162866,0.8812934467823239,1.7186441604588938
174,-0.02250206489539816,2.1253499579998496,1.0189853651905254,0.9796391887893278,1.7161522695354512
175,0.0944324730969526,1.6119832320744751,1.1030596999561995,0.9120862448764573,1.6528155552125203
176,0.0944324730969526,1.6119832320744751,1.1030596999561995,0.9120862448764573,1.6528155552125203
177,-0.0791353696966257,1.2566396390281913,1.1537661653020646,0.6742423258782169,1.4006395981752542
178,-0.0791353696966257,1.2566396390281913,1.1537661653020646,0.6742423258782169,1.4006395981752542
179,-0.22870089447929334,1.1319967451037032,1.116560757954317,0.5345153744319826,1.3215323252020528
180,-0.22870089447929334,1.1319967451037032,1.116560757954317,0.5345153744319826,1.3215323252020528
181,-0.2909188581612517,1.3857090253395008,1.141464419589194,0.5071391763537926,1.4328854457137312
182,-0.1648674096810576,1.555805403416791,1.0707859618764617,0.6081308918004625,1.6020334531303584
183,-0.1648674096810576,1.555805403416791,1.0707859618764617,0.6081308918004625,1.6020334531303584
184,-0.09484841627589527,1.4507423641584516,1.0309337338791142,0.6039656874184296,1.633106832787691
185,-0.09484841627589527,1.4507423641584516,1.0309337338791142,0.6039656874184296,1.633106832787691
186,0.07225535044836104,1.1480296383563109,1.0286348493890662,0.5386877373833983,1.6260467638820413
187,0.07225535044836104,1.1480296383563109,1.0286348493890662,0.5386877373833983,1.6260467638820413
188,-0.032476949537213674,1.2207377048234405,1.0350733885238912,0.5203092968707717,1.6258409247752073
189,-0.032476949537213674,1.2207377048234405,1.0350733885238912,0.5203092968707717,1.6258409247752073
190,-0.20115619368027893,1.4420631735584828,1.0441415715583,0.5275506420173265,1.6327357551313486
191,-0.21519877616827673,1.552799394924825,1.0281692715530304,0.5554216079718153,1.6495911502258414
192,-0.21519877616827673,1.552799394924825,1.0281692715530304,0.5554216079718153,1.6495911502258414
193,-0.16988235104718288,1.6780264290818034,1.0093775575136723,0.5975280747566681,1.6659955405634597
194,-0.16988235104718288,1.6780264290818034,1.0093775575136723,0.5975280747566681,1.6659955405634597
195,-0.15412206421234517,1.7684646371884398,1.033679782898597,0.619765270930112,1.6589056081020752
196,-0.15412206421234517,1.7684646371884398,1.033679782898597,0.619765270930112,1.6589056081020752
197,-0.06838688016771335,1.6479597167996336,1.0125841910948847,0.6251684199261855,1.6572695687810624
198,-0.08984262274154077,1.4682199634414772,1.0540687052116715,0.626830060288009,1.4761152095614076
199,-0.08984262274154077,1.4682199634414772,1.0540687052116715,0.626830060288009,1.4761152095614076
200,-0.0995761353169998,1.414132343648864,0.9498580890709282,0.6612629041869781,1.1958151876893106
201,-0.0995761353169998,1.414132343648864,0.9498580890709282,0.6612629041869781,1.1958151876893106
202,0.02040818690808883,1.6781977660928449,0.9012502048905922,0.7299687654249188,1.0676551440178585
203,0.02040818690808883,1.6781977660928449,0.9012502048905922,0.7299687654249188,1.0676551440178585
204,0.05435705508347694,1.2693769202592802,0.8272634048899176,0.7376178023643664,1.082225017115683
205,0.05131709732216074,1.561229516136597,0.8185102479142673,0.7083480332524728,1.1020919096661141
206,0.05131709732216074,1.561229516136597,0.8185102479142673,0.7083480332524728,1.1020919096661141
207,0.017490411754162192,0.9231320474054429,0.7959458679348415,0.7091855074459786,1.1425506978100803
208,0.017490411754162192,0.9231320474054429,0.7959458679348415,0.7091855074459786,1.1425506978100803
209,0.0011062878749443803,1.3148120069771687,0.9391502637822189,0.5821904392944051,1.6296076094185588
210,0.0011062878749443803,1.3148120069771687,0.9391502637822189,0.5821904392944051,1.6296076094185588
211,-0.03008639333382782,1.591093892086822,0.9902359635799586,0.4097357408198039,1.7336031963781482
212,-0.03008639333382782,1.591093892086822,0.9902359635799586,0.4097357408198039,1.7336031963781482
213,0.08537449748660539,1.1576726142820628,0.9906391673953239,0.2940616886078983,1.6679456917859374
214,-0.040891741526015254,1.2813049609849747,1.0110550535458986,0.2794472922222217,1.658644387612763
215,-0.040891741526015254,1.2813049609849747,1.0110550535458986,0.2794472922222217,1.658644387612763
216,-0.05818096277931777,1.667905233607553,1.0429881936755871,0.5411535660940998,1.6599182016423581
217,-0.05818096277931777,1.667905233607553,1.0429881936755871,0.5411535660940998,1.6599182016423581
218,0.07370343428475774,1.8246236069010242,0.8774085476081095,0.80092461964468,1.694228475591036
219,0.07370343428475774,1.8246236069010242,0.8774085476081095,0.80092461964468,1.694228475591036
220,-0.10205223594462136,-0.6449208293940105,0.3964675677582041,0.7734291547226168,1.7695362685583322
221,-0.10205223594462136,-0.6449208293940105,0.3964675677582041,0.7734291547226168,1.7695362685583322
222,-0.012666452746346783,-1.7434599429754012,-0.41537952903585995,0.8858913071287527,1.7594522859788484
223,0.0909608107238988,-1.5775896424702995,-1.1033179593773084,0.9508642348963497,1.6922237970930856
224,0.0909608107238988,-1.5775896424702995,-1.1033179593773084,0.9508642348963497,1.6922237970930856
225,-0.2259772913973693,-0.8728358935711864,-1.3276500376740068,0.9900268671384777,1.6620900057970536
226,-0.2259772913973693,-0.8728358935711864,-1.3276500376740068,0.9900268671384777,1.6620900057970536
227,-0.232651340158278,-0.8290131678123318,-1.3358326748417677,0.9831045025025207,1.6603075563991803
228,-0.232651340158278,-0.8290131678123318,-1.3358326748417677,0.9831045025025207,1.6603075563991803
229,-0.1049805773258542,-0.9874419656250115,-1.3374682201833166,0.9856470797631091,1.6625553640124382
230,0.09396646189648843,-1.269794256068178,-1.3406062145493594,0.9934872081327939,1.6592238667721377
231,0.09396646189648843,-1.269794256068178,-1.3406062145493594,0.9934872081327939,1.6592238667721377
232,0.0956693427004877,-1.2851139733898402,-1.3283549857548398,0.9849465896715381,1.6653907778627661
233,0.0956693427004877,-1.2851139733898402,-1.3283549857548398,0.9849465896715381,1.6653907778627661
234,-0.18070695012453616,-0.9575122746040922,-1.329152641305024,0.9819185840090279,1.6719885682305162
235,-0.18070695012453616,-0.9575122746040922,-1.329152641305024,0.9819185840090279,1.6719885682305162
236,0.07734797946702406,-1.4584985190264006,-1.2582528526829135,0.834700601380763,1.683949229565577
237,0.07734797946702406,-1.4584985190264006,-1.2582528526829135,0.834700601380763,1.683949229565577
238,0.03256817931634143,-1.5129483868465456,-1.3021841099753277,0.7229527009044832,1.6116341786738209
239,-0.031371652482643037,-1.2751989244945185,-1.2694958010620851,0.6063856159814439,1.5990807901074493
240,-0.031371652482643037,-1.2751989244945185,-1.2694958010620851,0.6063856159814439,1.5990807901074493
241,-0.06922865939962208,-1.173759035651519,-1.193237525672898,0.5385194606065908,1.6575517570320313
242,-0.06922865939962208,-1.173759035651519,-1.193237525672898,0.5385194606065908,1.6575517570320313
243,-0.047831916873934906,-1.2325940557579877,-1.2745748057691528,0.38357694942917897,1.7242619124971013
244,-0.047831916873934906,-1.2325940557579877,-1.2745748057691528,0.38357694942917897,1.7242619124971013
245,-0.28284496977107854,-0.3213301188816396,-1.4573974401688898,0.21936705112995641,1.739086171932421
246,-0.28284496977107854,-0.3213301188816396,-1.4573974401688898,0.21936705112995641,1.739086171932421
247,-0.30046378359698145,-0.022448958166402775,-1.512241356323689,0.1862865699122533,1.7406123464703338
248,-0.24445934367147612,-0.037258866057508395,-1.4715088521575008,0.17299674849636137,1.7556905561189609
249,-0.24445934367147612,-0.037258866057508395,-1.4715088521575008,0.17299674849636137,1.7556905561189609
250,-0.21772975527330812,-0.04621922777795455,-1.4486969805668806,0.15943910759033939,1.7551591557993282
251,-0.21772975527330812,-0.04621922777795455,-1.4486969805668806,0.15943910759033939,1.7551591557993282
252,-0.06436176096480783,-0.4979870767808257,-1.4275390273235025,0.19244255723228285,1.7689427284629906
253,-0.06436176096480783,-0.4979870767808257,-1.4275390273235025,0.19244255723228285,1.7689427284629906
254,-0.1335998138837325,-0.33990065417080034,-1.398045167251408,0.19234138023781755,1.769814371761171
255,-0.11355805770432081,-0.2743960842400735,-1.3264996547270933,0.15759362143629999,1.7678288367689223
256,-0.11355805770432081,-0.2743960842400735,-1.3264996547270933,0.15759362143629999,1.7678288367689223
257,-0.1048047257987696,-0.24372654758050274,-1.2845472232237838,0.12683597337598018,1.7655883134721746
258,-0.1048047257987696,-0.24372654758050274,-1.2845472232237838,0.12683597337598018,1.7655883134721746
259,-0.0027998221432967846,-0.22813026120465338,-1.2127492962994604,0.09553377628075839,1.7647278889870384
260,-0.0027998221432967846,-0.22813026120465338,-1.2127492962994604,0.09553377628075839,1.7647278889870384
261,0.028016612579479083,-0.19294919501244628,-1.182116568646205,0.09005346294324633,1.7612139969550857
262,0.028016612579479083,-0.19294919501244628,-1.182116568646205,0.09005346294324633,1.7612139969550857
263,0.03247721017110794,-0.2355467071079008,-1.1515339058858944,0.09659908867091373,1.7627783641909918
264,-0.06074189592513027,-0.4402389548099868,-1.0797095364990106,0.06610673807437482,1.7719620764815989
265,-0.06074189592513027,-0.4402389548099868,-1.0797095364990106,0.06610673807437482,1.7719620764815989
266,-0.08467475772110009,-0.49082142313427257,-0.9903135300362986,-0.478059226340041,1.7751051438915202
267,-0.08467475772110009,-0.49082142313427257,-0.9903135300362986,-0.478059226340041,1.7751051438915202
268,-0.08899453266050843,-0.7055339153237867,-1.0763514534439425,-1.0135234013338172,1.759915336520099
269,-0.08899453266050843,-0.7055339153237867,-1.0763514534439425,-1.0135234013338172,1.759915336520099
270,-0.00746269114272271,-1.3294415261025907,-1.1835935750242017,-1.3570170783796536,1.746149081339714
271,-0.00746269114272271,-1.3294415261025907,-1.1835935750242017,-1.3570170783796536,1.746149081339714
272,-0.0888295594164736,-1.4141052561658125,-1.2090173217573426,-1.4241142947663141,1.7145133905866499
273,-0.030651699708318565,-1.5560326293561737,-1.1781491083909728,-1.4424172902645425,1.731229540587234
274,-0.030651699708318565,-1.5560326293561737,-1.1781491083909728,-1.4424172902645425,1.731229540587234
275,-0.13967014926083685,-0.7919323205219655,-1.368164226998639,-1.4180584588772192,1.7520570228068146
276,-0.13967014926083685,-0.7919323205219655,-1.368164226998639,-1.4180584588772192,1.7520570228068146
277,-0.3255254217449756,0.08933860681394319,-1.5449266209706862,-1.448917427057878,1.7489481704053165
278,-0.3255254217449756,0.08933860681394319,-1.5449266209706862,-1.448917427057878,1.7489481704053165
279,-0.26192112498516734,0.09624720729192261,-1.5196705451173027,-1.4296647082134453,1.7561001550920523
280,-0.0680099614285168,-0.4304496938571306,-1.5211508080171945,-1.427657071242034,1.7467877254662563
281,-0.0680099614285168,-0.4304496938571306,-1.5211508080171945,-1.427657071242034,1.7467877254662563
282,0.1212515218064775,-1.5509833244656652,-1.4088619334186105,-1.3603824442064671,1.7454566683913142
283,0.1212515218064775,-1.5509833244656652,-1.4088619334186105,-1.3603824442064671,1.7454566683913142
284,0.11774086827653678,-1.9752966161156074,-1.309142949894513,-1.222927226644062,1.7437673638029683
285,0.11774086827653678,-1.9752966161156074,-1.309142949894513,-1.222927226644062,1.7437673638029683
286,0.0369087203866704,-1.8371478750110073,-1.365575594909372,-0.9738901786983671,1.7153702698084239
287,-0.26217273845499817,-0.8633061045742974,-1.335504424329973,-0.9586317445242575,1.714309400492925
288,-0.26217273845499817,-0.8633061045742974,-1.335504424329973,-0.9586317445242575,1.714309400492925
289,-0.2177837469406632,-0.5133860165745433,-1.3390108775881124,-0.9890157656662341,1.739932302108255
290,-0.2177837469406632,-0.5133860165745433,-1.3390108775881124,-0.9890157656662341,1.739932302108255
291,-0.24780193383788535,-0.6364165173425063,-1.3647035806980132,-0.9574075264246928,1.7155105254070433
292,-0.24780193383788535,-0.6364165173425063,-1.3647035806980132,-0.9574075264246928,1.7155105254070433
293,-0.2654117025097371,-0.4852394327313334,-1.37124801572926,-0.992409003510028,1.6850131708328222
294,-0.2654117025097371,-0.4852394327313334,-1.37124801572926,-0.992409003510028,1.6850131708328222
295,-0.23511393344363649,-0.35385785150145455,-1.3340446097061565,-0.9589760894649428,1.7393980282177224
296,-0.23511393344363649,-0.35385785150145455,-1.3340446097061565,-0.9589760894649428,1.7393980282177224
297,-0.19364970450452992,-0.43723473417503733,-1.3236842765050867,-0.94381967013261,1.7443780930740564
298,-0.15755961423513906,-0.405923189147368,-1.2770716557697201,-0.9772710967243627,1.7475000794639903
299,-0.15755961423513906,-0.405923189147368,-1.2770716557697201,-0.9772710967243627,1.7475000794639903
300,-0.03957884847342418,-0.3705193818916198,-1.0795744479241816,-1.1656103752489084,1.7583291309486353
301,-0.03957884847342418,-0.3705193818916198,-1.0795744479241816,-1.1656103752489084,1.7583291309486353
302,-0.03511916239080035,-0.28007863532471095,-1.0466749227829641,-1.5416483913322827,1.7759530432692694
303,-0.03511916239080035,-0.28007863532471095,-1.0466749227829641,-1.5416483913322827,1.7759530432692694
304,-0.01351014526627274,-0.8711989229460744,-0.9285068012144715,-2.09855056698557,1.7822696994969027
305,-0.0016208105615598224,-1.3592587543569383,-1.0890994997997918,-2.641207769938468,1.7588417583893228
306,-0.0016208105615598224,-1.3592587543569383,-1.0890994997997918,-2.641207769938468,1.7588417583893228
307,0.041376167155600385,-1.567881028254134,-1.1757966070041377,-2.833853861848189,1.7365336151269437
308,0.041376167155600385,-1.567881028254134,-1.1757966070041377,-2.833853861848189,1.7365336151269437
309,0.002632066099679276,-1.5147493772693865,-1.1558344912612368,-2.843368757456897,1.745356214783736
310,0.002632066099679276,-1.5147493772693865,-1.1558344912612368,-2.843368757456897,1.745356214783736
311,-0.05629020021463981,-1.3624413331551022,-1.1402047727652067,-2.880601361819047,1.7348285177224183
312,-0.05629020021463981,-1.3624413331551022,-1.1402047727652067,-2.880601361819047,1.7348285177224183
313,-0.11689246224818972,-1.2192838391666414,-1.1094999825952878,-2.9136427438952843,1.73001390237891
314,-0.11689246224818972,-1.2192838391666414,-1.1094999825952878,-2.9136427438952843,1.73001390237891
315,-0.12339781700563508,-1.1535953229852067,-1.0993776303041796,-2.9465915746588336,1.7262256092288137
316,-0.15955722530305264,-1.0729660373384993,-1.0832317026288867,-2.9544734757629096,1.7261338814636173
317,-0.15955722530305264,-1.0729660373384993,-1.0832317026288867,-2.9544734757629096,1.7261338814636173
318,-0.04321526879632078,-0.872878259129689,-1.1060844850898754,-3.0316878768294018,1.7051900070435388
319,-0.04321526879632078,-0.872878259129689,-1.1060844850898754,-3.0316878768294018,1.7051900070435388
320,-0.02062774763049995,-0.824156494433757,-1.0825599898529548,-2.984879685333761,1.7100008796839037
321,-0.02062774763049995,-0.824156494433757,-1.0825599898529548,-2.984879685333761,1.7100008796839037
322,-0.010866760357157753,-0.877291629596085,-1.0895363144258694,-2.94824792228459,1.714733150691521
323,-0.010866760357157753,-0.877291629596085,-1.0895363144258694,-2.94824792228459,1.714733150691521
324,0.009468384096414545,-0.8992327048435319,-1.0812354922239227,-2.9474810433098337,1.712868331620684
325,0.011354423331148378,-0.8979871467931724,-1.082344039923319,-2.9479566682616727,1.7121667433743943
326,0.011354423331148378,-0.8979871467931724,-1.082344039923319,-2.9479566682616727,1.7121667433743943
327,-0.010001197813858892,-0.9645820457558315,-1.0791021753524488,-2.9631671668796065,1.7327775470041427
328,-0.010001197813858892,-0.9645820457558315,-1.0791021753524488,-2.9631671668796065,1.7327775470041427
329,-0.07901747657380813,-0.9839768491049726,-1.2259561176912521,-3.150526519043443,1.732602894883613
330,-0.07901747657380813,-0.9839768491049726,-1.2259561176912521,-3.150526519043443,1.732602894883613
331,0.002786545823824218,-1.3224584138063753,-1.3251276629091118,-3.4030903885022097,1.7419725143922307
332,0.002786545823824218,-1.3224584138063753,-1.3251276629091118,-3.4030903885022097,1.7419725143922307
333,-0.016425940154482812,-1.48035004997543,-1.2157731606164857,-3.3239947173402573,1.764517259383864
334,-0.02874154704320574,-1.6489784181146763,-1.1028879147275406,-3.1684215283472823,1.7742769464873323
335,-0.02874154704320574,-1.6489784181146763,-1.1028879147275406,-3.1684215283472823,1.7742769464873323
336,-0.10325313800137813,-1.5250781403164553,-1.0530009966649434,-2.9684930606945907,1.75970481520981
337,-0.10325313800137813,-1.5250781403164553,-1.0530009966649434,-2.9684930606945907,1.75970481520981
338,-0.05641048494806463,-1.378627707024408,-1.0354338041913742,-2.9918249775583163,1.759446663450022
339,-0.05641048494806463,-1.378627707024408,-1.0354338041913742,-2.9918249775583163,1.759446663450022
340,-0.07086272535020965,-1.3688743672576569,-1.0271499111820075,-2.9758055719584315,1.7551448691543696
341,-0.07086272535020965,-1.3688743672576569,-1.0271499111820075,-2.9758055719584315,1.7551448691543696
342,-0.10305258800256638,-1.5374771091766302,-0.9395801404644886,-2.9486344956107273,1.7625041687817395
343,-0.10305258800256638,-1.5374771091766302,-0.9395801404644886,-2.9486344956107273,1.7625041687817395
344,-0.03177219999953134,-1.7657331869467336,-0.7734038610975874,-3.0320454823347505,1.7728209822323184
345,-0.07589105889355012,-1.425957208173589,-0.721874201700137,-3.0313420397077624,1.779509079912064
346,-0.07589105889355012,-1.425957208173589,-0.721874201700137,-3.0313420397077624,1.779509079912064
347,-0.05759419340762488,0.03972447785524947,-0.6799063505985379,-2.9635415105421004,1.7963039747018994
348,-0.05759419340762488,0.03972447785524947,-0.6799063505985379,-2.9635415105421004,1.7963039747018994
349,-0.04883855047888499,1.1358199651929795,-0.32090063598844626,-2.97268948487326,1.78476430050599
350,-0.04883855047888499,1.1358199651929795,-0.32090063598844626,-2.97268948487326,1.78476430050599
351,-0.028388233516129124,1.2424324617230977,0.2597845399068331,-3.240277523156317,1.7734833428554169
352,-0.028388233516129124,1.2424324617230977,0.2597845399068331,-3.240277523156317,1.7734833428554169
353,0.0019339404240989743,1.4409486157762041,0.7701838043281662,-3.4479922670987446,1.7413911330480345
354,-0.059979035222605726,1.8878902315598691,0.8703358531572991,-3.465761499811969,1.719930333979598
355,-0.059979035222605726,1.8878902315598691,0.8703358531572991,-3.465761499811969,1.719930333979598
356,0.002819198129962174,1.6502974031057283,0.8594198583982078,-3.502683018462938,1.7184075375845096
357,0.002819198129962174,1.6502974031057283,0.8594198583982078,-3.502683018462938,1.7184075375845096
358,0.005340999238709278,1.733473614586442,0.8684132893423107,-3.48131624175716,1.7144506118998164
359,0.005340999238709278,1.733473614586442,0.8684132893423107,-3.48131624175716,1.7144506118998164
360,-0.09488650791536873,1.9494502230965787,0.8641355074479911,-3.469146995459289,1.7165988194965411
361,-0.04281854089422468,1.8734321207687215,0.811005627436432,-3.403603544857086,1.7279951785576562
362,-0.04281854089422468,1.8734321207687215,0.811005627436432,-3.403603544857086,1.7279951785576562
363,-0.013447613305622516,1.9141333154784181,0.7802916701612019,-3.1070757500541264,1.7402874576450014
364,-0.013447613305622516,1.9141333154784181,0.7802916701612019,-3.1070757500541264,1.7402874576450014
365,-0.026018747618052517,1.904692989099164,1.054111523109651,-2.9356153818213144,1.7059899063394084
366,-0.026018747618052517,1.904692989099164,1.054111523109651,-2.9356153818213144,1.7059899063394084
367,-0.16018171451396138,2.188275455578806,1.0806023210211215,-2.903448572473382,1.6999570975912808
368,-0.16018171451396138,2.188275455578806,1.0806023210211215,-2.903448572473382,1.6999570975912808
369,-0.06831181431747974,2.067507438235796,0.9141149316627059,-2.773185935472462,1.7358233366623996
370,-0.09908474715929151,2.1162886013413353,0.8165538562994088,-2.2628205973580404,1.7527483170849791
371,-0.09908474715929151,2.1162886013413353,0.8165538562994088,-2.2628205973580404,1.7527483170849791
372,-0.035775023427401666,1.711533176411834,0.8832676318014021,-1.7015615635047754,1.7527337640377307
373,-0.035775023427401666,1.711533176411834,0.8832676318014021,-1.7015615635047754,1.7527337640377307
374,-0.06828868544290007,1.5885631400851883,0.9332272606708016,-1.3665411004090982,1.746200911765712
375,-0.06828868544290007,1.5885631400851883,0.9332272606708016,-1.3665411004090982,1.746200911765712
376,0.025510718842539644,1.6078700755317503,1.0727896674553896,-1.1596328516534293,1.7208451498941442
377,-0.037886384200147526,2.012596567423122,1.084028184862115,-1.1302365327202297,1.7291474422633306
378,-0.037886384200147526,2.012596567423122,1.084028184862115,-1.1302365327202297,1.7291474422633306
379,0.049648619174895596,2.111755333591551,0.9063466381867773,-1.1212040452697933,1.7553835134249982
380,0.049648619174895596,2.111755333591551,0.9063466381867773,-1.1212040452697933,1.7553835134249982
381,-0.0911527471835729,2.3405308391311737,0.9123756218137958,-1.1480061359007376,1.756201416210945
382,-0.0911527471835729,2.3405308391311737,0.9123756218137958,-1.1480061359007376,1.756201416210945
383,-0.09503489484977636,2.4806326970977173,0.9182005862076218,-1.1193357474774546,1.7291554176184634
384,-0.030068144233480143,2.596895820746916,0.8685798868951945,-1.1026902890097978,1.759397033335609
385,-0.030068144233480143,2.596895820746916,0.8685798868951945,-1.1026902890097978,1.759397033335609
386,0.012212512627851786,2.5365732491330704,0.7941397121792482,-1.0881557191742972,1.781804231825385
387,0.012212512627851786,2.5365732491330704,0.7941397121792482,-1.0881557191742972,1.781804231825385
388,-0.1373552012209259,-0.05432503458560324,0.9709079974318329,-0.8544584210680526,1.7935092750649173
389,-0.1373552012209259,-0.05432503458560324,0.9709079974318329,-0.8544584210680526,1.7935092750649173
390,-0.09584673329343396,-2.948459839628264,0.9219902630901885,0.12016518436422409,1.7863054793306326
391,-0.09584673329343396,-2.948459839628264,0.9219902630901885,0.12016518436422409,1.7863054793306326
392,-0.08747962819062574,-2.8235492419658055,0.806681509722352,1.1335693549181292,1.7834941935553217
